icd_code,icd_version,long_title,diagnosis_rows,distinct_admissions,distinct_patients
4019,9,Unspecified essential hypertension,68,68,41
E785,10,"Hyperlipidemia, unspecified",57,57,21
2724,9,Other and unspecified hyperlipidemia,55,55,34
E039,10,"Hypothyroidism, unspecified",47,47,10
Z794,10,Long term (current) use of insulin,37,37,11
Z87891,10,Personal history of nicotine dependence,35,35,15
42731,9,Atrial fibrillation,34,34,18
25000,9,"Diabetes mellitus without mention of complication, type II or unspecified type, not stated as uncontrolled",33,33,21
I2510,10,Atherosclerotic heart disease of native coronary artery without angina pectoris,33,33,13
F329,10,"Major depressive disorder, single episode, unspecified",32,32,9
I10,10,Essential (primary) hypertension,32,32,17
N179,10,"Acute kidney failure, unspecified",31,31,15
V1582,9,Personal history of tobacco use,31,31,20
311,9,"Depressive disorder, not elsewhere classified",30,30,16
41401,9,Coronary atherosclerosis of native coronary artery,28,28,19
40390,9,"Hypertensive chronic kidney disease, unspecified, with chronic kidney disease stage I through stage IV, or unspecified",27,27,14
E119,10,Type 2 diabetes mellitus without complications,26,26,10
F419,10,"Anxiety disorder, unspecified",26,26,12
4280,9,"Congestive heart failure, unspecified",25,25,13
5849,9,"Acute kidney failure, unspecified",25,25,15
V5861,9,Long-term (current) use of anticoagulants,25,25,14
V5867,9,Long-term (current) use of insulin,25,25,12
3051,9,Tobacco use disorder,24,24,18
Z955,10,Presence of coronary angioplasty implant and graft,24,24,7
2859,9,"Anemia, unspecified",23,23,18
I4891,10,Unspecified atrial fibrillation,23,23,13
53081,9,Esophageal reflux,22,22,15
E669,10,"Obesity, unspecified",22,22,11
27800,9,"Obesity, unspecified",21,21,12
5990,9,"Urinary tract infection, site not specified",21,21,15
F17210,10,"Nicotine dependence, cigarettes, uncomplicated",21,21,9
J449,10,"Chronic obstructive pulmonary disease, unspecified",21,21,10
Z7901,10,Long term (current) use of anticoagulants,21,21,9
D62,10,Acute posthemorrhagic anemia,20,20,15
C9110,10,Chronic lymphocytic leukemia of B-cell type not having achieved remission,19,19,1
G4733,10,Obstructive sleep apnea (adult) (pediatric),19,19,6
I129,10,"Hypertensive chronic kidney disease with stage 1 through stage 4 chronic kidney disease, or unspecified chronic kidney disease",19,19,11
M109,10,"Gout, unspecified",19,19,7
Z7902,10,Long term (current) use of antithrombotics/antiplatelets,19,19,11
2720,9,Pure hypercholesterolemia,18,18,8
D649,10,"Anemia, unspecified",18,18,10
2761,9,Hyposmolality and/or hyponatremia,17,17,10
E1122,10,Type 2 diabetes mellitus with diabetic chronic kidney disease,17,17,5
K219,10,Gastro-esophageal reflux disease without esophagitis,17,17,13
5853,9,"Chronic kidney disease, Stage III (moderate)",16,16,8
D696,10,"Thrombocytopenia, unspecified",16,16,11
Z66,10,Do not resuscitate,16,16,12
E8497,9,Accidents occurring in residential institution,15,15,13
E871,10,Hypo-osmolality and hyponatremia,15,15,9
I480,10,Paroxysmal atrial fibrillation,15,15,5
N390,10,"Urinary tract infection, site not specified",15,15,10
V5866,9,Long-term (current) use of aspirin,15,15,12
2449,9,Unspecified acquired hypothyroidism,14,14,9
51881,9,Acute respiratory failure,14,14,12
5859,9,"Chronic kidney disease, unspecified",14,14,11
G8929,10,Other chronic pain,14,14,6
V4582,9,Percutaneous transluminal coronary angioplasty status,14,14,8
Z9884,10,Bariatric surgery status,14,14,2
49390,9,"Asthma, unspecified type, unspecified",13,13,9
E872,10,Acidosis,13,13,7
N183,10,"Chronic kidney disease, stage 3 (moderate)",13,13,10
Z8673,10,"Personal history of transient ischemic attack (TIA), and cerebral infarction without residual deficits",13,13,3
Z950,10,Presence of cardiac pacemaker,13,13,1
2762,9,Acidosis,12,12,12
30000,9,"Anxiety state, unspecified",12,12,6
30500,9,"Alcohol abuse, unspecified",12,12,6
I110,10,Hypertensive heart disease with heart failure,12,12,4
N186,10,End stage renal disease,12,12,3
V707,9,Examination of participant in clinical trial,12,12,7
Y92230,10,Patient room in hospital as the place of occurrence of the external cause,12,12,10
Z853,10,Personal history of malignant neoplasm of breast,12,12,4
4240,9,Mitral valve disorders,11,11,6
E1142,10,Type 2 diabetes mellitus with diabetic polyneuropathy,11,11,3
E8798,9,"Other specified procedures as the cause of abnormal reaction of patient, or of later complication, without mention of misadventure at time of procedure",11,11,9
I272,10,Other secondary pulmonary hypertension,11,11,8
J45909,10,"Unspecified asthma, uncomplicated",11,11,6
J9601,10,Acute respiratory failure with hypoxia,11,11,8
Z86718,10,Personal history of other venous thrombosis and embolism,11,11,5
Z992,10,Dependence on renal dialysis,11,11,3
2749,9,"Gout, unspecified",10,10,7
2875,9,"Thrombocytopenia, unspecified",10,10,9
78959,9,Other ascites,10,10,7
E875,10,Hyperkalemia,10,10,7
V4986,9,Do not resuscitate status,10,10,10
V8741,9,Personal history of antineoplastic chemotherapy,10,10,7
2760,9,Hyperosmolality and/or hypernatremia,9,9,8
2767,9,Hyperpotassemia,9,9,7
496,9,"Chronic airway obstruction, not elsewhere classified",9,9,6
78820,9,"Retention of urine, unspecified",9,9,9
E1165,10,Type 2 diabetes mellitus with hyperglycemia,9,9,4
E43,10,Unspecified severe protein-calorie malnutrition,9,9,5
I130,10,"Hypertensive heart and chronic kidney disease with heart failure and stage 1 through stage 4 chronic kidney disease, or unspecified chronic kidney disease",9,9,4
I214,10,Non-ST elevation (NSTEMI) myocardial infarction,9,9,8
I252,10,Old myocardial infarction,9,9,4
I5032,10,Chronic diastolic (congestive) heart failure,9,9,4
V08,9,Asymptomatic human immunodeficiency virus [HIV] infection status,9,9,2
Y929,10,Unspecified place or not applicable,9,9,6
Z515,10,Encounter for palliative care,9,9,9
2809,9,"Iron deficiency anemia, unspecified",8,8,4
412,9,Old myocardial infarction,8,8,5
4589,9,"Hypotension, unspecified",8,8,7
486,9,"Pneumonia, organism unspecified",8,8,8
5845,9,Acute kidney failure with lesion of tubular necrosis,8,8,8
99592,9,Severe sepsis,8,8,8
D631,10,Anemia in chronic kidney disease,8,8,4
E11621,10,Type 2 diabetes mellitus with foot ulcer,8,8,3
I120,10,Hypertensive chronic kidney disease with stage 5 chronic kidney disease or end stage renal disease,8,8,2
I959,10,"Hypotension, unspecified",8,8,8
N189,10,"Chronic kidney disease, unspecified",8,8,6
V103,9,Personal history of malignant neoplasm of breast,8,8,4
00845,9,Intestinal infection due to Clostridium difficile,7,7,5
04149,9,Other and unspecified Escherichia coli [E. coli],7,7,4
20300,9,"Multiple myeloma, without mention of having achieved remission",7,7,2
2768,9,Hypopotassemia,7,7,7
28860,9,"Leukocytosis, unspecified",7,7,7
33829,9,Other chronic pain,7,7,5
34830,9,"Encephalopathy, unspecified",7,7,7
5180,9,Pulmonary collapse,7,7,7
A419,10,"Sepsis, unspecified organism",7,7,6
E11649,10,Type 2 diabetes mellitus with hypoglycemia without coma,7,7,4
E6601,10,Morbid (severe) obesity due to excess calories,7,7,2
E780,10,Pure hypercholesterolemia,7,7,7
E8490,9,Home accidents,7,7,7
G40909,10,"Epilepsy, unspecified, not intractable, without status epilepticus",7,7,4
G4700,10,"Insomnia, unspecified",7,7,6
I340,10,Nonrheumatic mitral (valve) insufficiency,7,7,6
I5023,10,Acute on chronic systolic (congestive) heart failure,7,7,5
J189,10,"Pneumonia, unspecified organism",7,7,7
K7031,10,Alcoholic cirrhosis of liver with ascites,7,7,2
K766,10,Portal hypertension,7,7,2
R6521,10,Severe sepsis with septic shock,7,7,6
R740,10,Nonspecific elevation of levels of transaminase and lactic acid dehydrogenase [LDH],7,7,4
V1046,9,Personal history of malignant neoplasm of prostate,7,7,3
V1581,9,"Personal history of noncompliance with medical treatment, presenting hazards to health",7,7,5
Y848,10,"Other medical procedures as the cause of abnormal reaction of the patient, or of later complication, without mention of misadventure at the time of the procedure",7,7,7
Y92239,10,Unspecified place in hospital as the place of occurrence of the external cause,7,7,7
Z781,10,Physical restraint status,7,7,7
Z8249,10,Family history of ischemic heart disease and other diseases of the circulatory system,7,7,5
Z8547,10,Personal history of malignant neoplasm of testis,7,7,1
28529,9,Anemia of other chronic disease,6,6,4
2930,9,Delirium due to conditions classified elsewhere,6,6,5
32723,9,Obstructive sleep apnea (adult)(pediatric),6,6,4
4241,9,Aortic valve disorders,6,6,4
5119,9,Unspecified pleural effusion,6,6,5
5601,9,Paralytic ileus,6,6,5
5770,9,Acute pancreatitis,6,6,3
70715,9,Ulcer of other part of foot,6,6,1
78791,9,Diarrhea,6,6,5
7904,9,Nonspecific elevation of levels of transaminase or lactic acid dehydrogenase [LDH],6,6,6
79902,9,Hypoxemia,6,6,6
B1920,10,Unspecified viral hepatitis C without hepatic coma,6,6,2
D509,10,"Iron deficiency anemia, unspecified",6,6,5
D689,10,"Coagulation defect, unspecified",6,6,5
D6959,10,Other secondary thrombocytopenia,6,6,4
E7800,10,"Pure hypercholesterolemia, unspecified",6,6,4
E8782,9,"Surgical operation with anastomosis, bypass, or graft, with natural or artificial tissues used as implant causing abnormal patient reaction, or later complication, without mention of misadventure at time of operation",6,6,5
E8889,9,Unspecified fall,6,6,6
F259,10,"Schizoaffective disorder, unspecified",6,6,2
I5033,10,Acute on chronic diastolic (congestive) heart failure,6,6,4
I8510,10,Secondary esophageal varices without bleeding,6,6,2
J95851,10,Ventilator associated pneumonia,6,6,5
J9811,10,Atelectasis,6,6,5
K7581,10,Nonalcoholic steatohepatitis (NASH),6,6,2
N170,10,Acute kidney failure with tubular necrosis,6,6,6
N184,10,"Chronic kidney disease, stage 4 (severe)",6,6,3
R0902,10,Hypoxemia,6,6,5
R339,10,"Retention of urine, unspecified",6,6,4
R570,10,Cardiogenic shock,6,6,5
V1001,9,Personal history of malignant neoplasm of tongue,6,6,2
V4987,9,Physical restraints status,6,6,5
Z720,10,Tobacco use,6,6,4
04109,9,"Streptococcus infection in conditions classified elsewhere and of unspecified site, other streptococcus",5,5,4
07070,9,Unspecified viral hepatitis C without hepatic coma,5,5,3
20500,9,"Acute myeloid leukemia, without mention of having achieved remission",5,5,1
25002,9,"Diabetes mellitus without mention of complication, type II or unspecified type, uncontrolled",5,5,4
2639,9,Unspecified protein-calorie malnutrition,5,5,5
2851,9,Acute posthemorrhagic anemia,5,5,4
4168,9,Other chronic pulmonary heart diseases,5,5,4
4254,9,Other primary cardiomyopathies,5,5,4
4271,9,Paroxysmal ventricular tachycardia,5,5,4
42833,9,Acute on chronic diastolic heart failure,5,5,3
4439,9,"Peripheral vascular disease, unspecified",5,5,4
5070,9,Pneumonitis due to inhalation of food or vomitus,5,5,5
56210,9,Diverticulosis of colon (without mention of hemorrhage),5,5,5
56400,9,"Constipation, unspecified",5,5,5
5715,9,Cirrhosis of liver without mention of alcohol,5,5,2
5723,9,Portal hypertension,5,5,4
5772,9,Cyst and pseudocyst of pancreas,5,5,2
7102,9,Sicca syndrome,5,5,1
7245,9,"Backache, unspecified",5,5,4
78052,9,"Insomnia, unspecified",5,5,4
78552,9,Septic shock,5,5,5
78720,9,"Dysphagia, unspecified",5,5,5
78830,9,"Urinary incontinence, unspecified",5,5,3
79092,9,Abnormal coagulation profile,5,5,5
99591,9,Sepsis,5,5,3
99859,9,Other postoperative infection,5,5,4
B965,10,Pseudomonas (aeruginosa) (mallei) (pseudomallei) as the cause of diseases classified elsewhere,5,5,5
B9689,10,Other specified bacterial agents as the cause of diseases classified elsewhere,5,5,5
D630,10,Anemia in neoplastic disease,5,5,3
D638,10,Anemia in other chronic diseases classified elsewhere,5,5,5
E8339,10,Other disorders of phosphorus metabolism,5,5,4
E860,10,Dehydration,5,5,5
F39,10,Unspecified mood [affective] disorder,5,5,4
G893,10,Neoplasm related pain (acute) (chronic),5,5,2
H409,10,Unspecified glaucoma,5,5,1
I5022,10,Chronic systolic (congestive) heart failure,5,5,5
I509,10,"Heart failure, unspecified",5,5,5
I69354,10,Hemiplegia and hemiparesis following cerebral infarction affecting left non-dominant side,5,5,2
J690,10,Pneumonitis due to inhalation of food and vomit,5,5,5
J90,10,"Pleural effusion, not elsewhere classified",5,5,5
V1254,9,"Personal history of transient ischemic attack (TIA), and cerebral infarction without residual deficits",5,5,5
V153,9,"Personal history of irradiation, presenting hazards to health",5,5,3
V1552,9,Personal history of traumatic brain injury,5,5,1
V6284,9,Suicidal ideation,5,5,1
V8532,9,"Body Mass Index 32.0-32.9, adult",5,5,4
Z23,10,Encounter for immunization,5,5,5
Z7982,10,Long term (current) use of aspirin,5,5,5
Z951,10,Presence of aortocoronary bypass graft,5,5,4
25062,9,"Diabetes with neurological manifestations, type II or unspecified type, uncontrolled",4,4,1
2763,9,Alkalosis,4,4,3
27651,9,Dehydration,4,4,3
27652,9,Hypovolemia,4,4,2
27669,9,Other fluid overload,4,4,4
30390,9,"Other and unspecified alcohol dependence, unspecified",4,4,4
30560,9,"Cocaine abuse, unspecified",4,4,1
3383,9,Neoplasm related pain (acute) (chronic),4,4,4
3485,9,Cerebral edema,4,4,3
41400,9,"Coronary atherosclerosis of unspecified type of vessel, native or graft",4,4,4
42789,9,Other specified cardiac dysrhythmias,4,4,4
42823,9,Acute on chronic systolic heart failure,4,4,2
45829,9,Other iatrogenic hypotension,4,4,4
56722,9,Peritoneal abscess,4,4,2
6822,9,Cellulitis and abscess of trunk,4,4,4
73300,9,"Osteoporosis, unspecified",4,4,2
78321,9,Loss of weight,4,4,4
7919,9,Other nonspecific findings on examination of urine,4,4,3
D469,10,"Myelodysplastic syndrome, unspecified",4,4,1
E790,10,Hyperuricemia without signs of inflammatory arthritis and tophaceous disease,4,4,1
E876,10,Hypokalemia,4,4,4
E883,10,Tumor lysis syndrome,4,4,3
F05,10,Delirium due to known physiological condition,4,4,3
F1020,10,"Alcohol dependence, uncomplicated",4,4,1
G9340,10,"Encephalopathy, unspecified",4,4,4
I319,10,"Disease of pericardium, unspecified",4,4,3
I4892,10,Unspecified atrial flutter,4,4,3
J811,10,Chronic pulmonary edema,4,4,3
J9600,10,"Acute respiratory failure, unspecified whether with hypoxia or hypercapnia",4,4,4
K2270,10,Barrett's esophagus without dysplasia,4,4,2
K7030,10,Alcoholic cirrhosis of liver without ascites,4,4,1
K767,10,Hepatorenal syndrome,4,4,2
R000,10,"Tachycardia, unspecified",4,4,4
R319,10,"Hematuria, unspecified",4,4,4
R410,10,"Disorientation, unspecified",4,4,4
R791,10,Abnormal coagulation profile,4,4,2
T45515A,10,"Adverse effect of anticoagulants, initial encounter",4,4,4
V1083,9,Personal history of other malignant neoplasm of skin,4,4,4
V1204,9,Personal history of Methicillin resistant Staphylococcus aureus,4,4,2
V443,9,Colostomy status,4,4,1
V4572,9,Acquired absence of intestine (large) (small),4,4,2
V667,9,Encounter for palliative care,4,4,4
W19XXXA,10,"Unspecified fall, initial encounter",4,4,3
Z590,10,Homelessness,4,4,3
Z6841,10,"Body mass index (BMI) 40.0-44.9, adult",4,4,4
Z86711,10,Personal history of pulmonary embolism,4,4,1
Z87820,10,Personal history of traumatic brain injury,4,4,2
Z89421,10,Acquired absence of other right toe(s),4,4,1
Z9181,10,History of falling,4,4,4
Z9911,10,Dependence on respirator [ventilator] status,4,4,2
0088,9,"Intestinal infection due to other organism, not elsewhere classified",3,3,3
03842,9,Septicemia due to escherichia coli [E. coli],3,3,3
0389,9,Unspecified septicemia,3,3,3
07054,9,Chronic hepatitis C without mention of hepatic coma,3,3,3
1120,9,Candidiasis of mouth,3,3,3
1173,9,Aspergillosis,3,3,1
1543,9,"Malignant neoplasm of anus, unspecified site",3,3,1
24900,9,"Secondary diabetes mellitus without mention of complication, not stated as uncontrolled, or unspecified",3,3,1
25012,9,"Diabetes with ketoacidosis, type II or unspecified type, uncontrolled",3,3,3
2752,9,Disorders of magnesium metabolism,3,3,3
2753,9,Disorders of phosphorus metabolism,3,3,3
2800,9,Iron deficiency anemia secondary to blood loss (chronic),3,3,3
29181,9,Alcohol withdrawal,3,3,3
29420,9,"Dementia, unspecified, without behavioral disturbance",3,3,3
29570,9,"Schizoaffective disorder, unspecified",3,3,1
2989,9,Unspecified psychosis,3,3,3
30393,9,"Other and unspecified alcohol dependence, in remission",3,3,3
30503,9,"Alcohol abuse, in remission",3,3,3
30590,9,"Other, mixed, or unspecified drug abuse, unspecified",3,3,2
30981,9,Posttraumatic stress disorder,3,3,3
31401,9,Attention deficit disorder with hyperactivity,3,3,2
34690,9,"Migraine, unspecified, without mention of intractable migraine without mention of status migrainosus",3,3,3
34831,9,Metabolic encephalopathy,3,3,3
34839,9,Other encephalopathy,3,3,3
34982,9,Toxic encephalopathy,3,3,3
3569,9,Unspecified hereditary and idiopathic peripheral neuropathy,3,3,3
3572,9,Polyneuropathy in diabetes,3,3,1
40391,9,"Hypertensive chronic kidney disease, unspecified, with chronic kidney disease stage V or end stage renal disease",3,3,2
41071,9,"Subendocardial infarction, initial episode of care",3,3,3
42822,9,Chronic systolic heart failure,3,3,3
431,9,Intracerebral hemorrhage,3,3,3
43820,9,"Late effects of cerebrovascular disease, hemiplegia affecting unspecified side",3,3,3
5184,9,"Acute edema of lung, unspecified",3,3,3
53085,9,Barrett's esophagus,3,3,2
53550,9,"Unspecified gastritis and gastroduodenitis, without mention of hemorrhage",3,3,3
5579,9,Unspecified vascular insufficiency of intestine,3,3,3
56409,9,Other constipation,3,3,3
5641,9,Irritable bowel syndrome,3,3,3
5680,9,Peritoneal adhesions (postoperative) (postinfection),3,3,3
570,9,Acute and subacute necrosis of liver,3,3,2
5712,9,Alcoholic cirrhosis of liver,3,3,3
5720,9,Abscess of liver,3,3,1
5730,9,Chronic passive congestion of liver,3,3,3
5781,9,Blood in stool,3,3,3
5789,9,"Hemorrhage of gastrointestinal tract, unspecified",3,3,3
6827,9,"Cellulitis and abscess of foot, except toes",3,3,1
71596,9,"Osteoarthrosis, unspecified whether generalized or localized, lower leg",3,3,1
71690,9,"Arthropathy, unspecified, site unspecified",3,3,3
78039,9,Other convulsions,3,3,3
78097,9,Altered mental status,3,3,3
7843,9,Aphasia,3,3,3
7850,9,"Tachycardia, unspecified",3,3,3
78701,9,Nausea with vomiting,3,3,3
7907,9,Bacteremia,3,3,3
9971,9,"Cardiac complications, not elsewhere classified",3,3,3
99811,9,Hemorrhage complicating a procedure,3,3,3
9982,9,"Accidental puncture or laceration during a procedure, not elsewhere classified",3,3,3
B20,10,Human immunodeficiency virus [HIV] disease,3,3,1
B954,10,Other streptococcus as the cause of diseases classified elsewhere,3,3,3
D539,10,"Nutritional anemia, unspecified",3,3,1
D735,10,Infarction of spleen,3,3,1
E1121,10,Type 2 diabetes mellitus with diabetic nephropathy,3,3,2
E1136,10,Type 2 diabetes mellitus with diabetic cataract,3,3,1
E1140,10,"Type 2 diabetes mellitus with diabetic neuropathy, unspecified",3,3,1
E1152,10,Type 2 diabetes mellitus with diabetic peripheral angiopathy with gangrene,3,3,2
E46,10,Unspecified protein-calorie malnutrition,3,3,3
E8495,9,Street and highway accidents,3,3,3
E861,10,Hypovolemia,3,3,1
E870,10,Hyperosmolality and hypernatremia,3,3,3
E9342,9,Anticoagulants causing adverse effects in therapeutic use,3,3,1
E9478,9,Other drugs and medicinal substances causing adverse effects in therapeutic use,3,3,2
F1010,10,"Alcohol abuse, uncomplicated",3,3,3
F10129,10,"Alcohol abuse with intoxication, unspecified",3,3,2
F1021,10,"Alcohol dependence, in remission",3,3,3
F10239,10,"Alcohol dependence with withdrawal, unspecified",3,3,3
F17200,10,"Nicotine dependence, unspecified, uncomplicated",3,3,3
F200,10,Paranoid schizophrenia,3,3,1
F323,10,"Major depressive disorder, single episode, severe with psychotic features",3,3,1
F4310,10,"Post-traumatic stress disorder, unspecified",3,3,3
G1221,10,Amyotrophic lateral sclerosis,3,3,1
I248,10,Other forms of acute ischemic heart disease,3,3,3
I25110,10,Atherosclerotic heart disease of native coronary artery with unstable angina pectoris,3,3,3
I495,10,Sick sinus syndrome,3,3,1
I671,10,"Cerebral aneurysm, nonruptured",3,3,2
I701,10,Atherosclerosis of renal artery,3,3,1
I739,10,"Peripheral vascular disease, unspecified",3,3,1
J9621,10,Acute and chronic respiratory failure with hypoxia,3,3,3
J9691,10,"Respiratory failure, unspecified with hypoxia",3,3,3
K7010,10,Alcoholic hepatitis without ascites,3,3,1
K7290,10,"Hepatic failure, unspecified without coma",3,3,2
L03116,10,Cellulitis of left lower limb,3,3,2
M25512,10,Pain in left shoulder,3,3,2
N141,10,"Nephropathy induced by other drugs, medicaments and biological substances",3,3,3
N319,10,"Neuromuscular dysfunction of bladder, unspecified",3,3,1
R002,10,Palpitations,3,3,3
R0789,10,Other chest pain,3,3,2
R079,10,"Chest pain, unspecified",3,3,3
R161,10,"Splenomegaly, not elsewhere classified",3,3,1
R197,10,"Diarrhea, unspecified",3,3,3
R34,10,Anuria and oliguria,3,3,3
R4182,10,"Altered mental status, unspecified",3,3,2
R509,10,"Fever, unspecified",3,3,2
R571,10,Hypovolemic shock,3,3,2
R600,10,Localized edema,3,3,2
R64,10,Cachexia,3,3,2
R6520,10,Severe sepsis without septic shock,3,3,2
R748,10,Abnormal levels of other serum enzymes,3,3,3
S0990XA,10,"Unspecified injury of head, initial encounter",3,3,2
T451X5A,10,"Adverse effect of antineoplastic and immunosuppressive drugs, initial encounter",3,3,3
T814XXA,10,"Infection following a procedure, initial encounter",3,3,3
V0481,9,Need for prophylactic vaccination and inoculation against influenza,3,3,2
V1042,9,Personal history of malignant neoplasm of other parts of uterus,3,3,2
V1272,9,Personal history of colonic polyps,3,3,3
V173,9,Family history of ischemic heart disease,3,3,3
V4365,9,Knee joint replacement,3,3,3
V4501,9,Cardiac pacemaker in situ,3,3,3
V4571,9,Acquired absence of breast and nipple,3,3,3
V4589,9,Other postprocedural status,3,3,3
V462,9,"Other dependence on machines, supplemental oxygen",3,3,2
Y92238,10,Other place in hospital as the place of occurrence of the external cause,3,3,3
Z006,10,Encounter for examination for normal comparison and control in clinical research program,3,3,3
Z21,10,Asymptomatic human immunodeficiency virus [HIV] infection status,3,3,1
Z45018,10,Encounter for adjustment and management of other part of cardiac pacemaker,3,3,2
Z6829,10,"Body mass index (BMI) 29.0-29.9, adult",3,3,3
Z6830,10,"Body mass index (BMI) 30.0-30.9, adult",3,3,2
Z6832,10,"Body mass index (BMI) 32.0-32.9, adult",3,3,2
Z6833,10,"Body mass index (BMI) 33.0-33.9, adult",3,3,3
Z6835,10,"Body mass index (BMI) 35.0-35.9, adult",3,3,2
Z6837,10,"Body mass index (BMI) 37.0-37.9, adult",3,3,1
Z85528,10,Personal history of other malignant neoplasm of kidney,3,3,1
Z9484,10,Stem cells transplant status,3,3,1
Z95810,10,Presence of automatic (implantable) cardiac defibrillator,3,3,2
0380,9,Streptococcal septicemia,2,2,1
03849,9,Other septicemia due to gram-negative organisms,2,2,2
04104,9,"Streptococcus infection in conditions classified elsewhere and of unspecified site, streptococcus, group D [Enterococcus]",2,2,2
0417,9,Pseudomonas infection in conditions classified elsewhere and of unspecified site,2,2,2
04185,9,"Other specified bacterial infections in conditions classified elsewhere and of unspecified site, other gram-negative organisms",2,2,1
1122,9,Candidiasis of other urogenital sites,2,2,2
1123,9,Candidiasis of skin and nails,2,2,2
11289,9,Other candidiasis of other specified sites,2,2,2
1179,9,Other and unspecified mycoses,2,2,1
1419,9,"Malignant neoplasm of tongue, unspecified",2,2,1
1629,9,"Malignant neoplasm of bronchus and lung, unspecified",2,2,2
1970,9,Secondary malignant neoplasm of lung,2,2,1
1985,9,Secondary malignant neoplasm of bone and bone marrow,2,2,2
1987,9,Secondary malignant neoplasm of adrenal gland,2,2,1
2252,9,Benign neoplasm of cerebral meninges,2,2,2
2411,9,Nontoxic multinodular goiter,2,2,1
25040,9,"Diabetes with renal manifestations, type II or unspecified type, not stated as uncontrolled",2,2,1
25080,9,"Diabetes with other specified manifestations, type II or unspecified type, not stated as uncontrolled",2,2,2
25082,9,"Diabetes with other specified manifestations, type II or unspecified type, uncontrolled",2,2,1
2662,9,Other B-complex deficiencies,2,2,2
2764,9,Mixed acid-base balance disorder,2,2,2
28412,9,Other drug-induced pancytopenia,2,2,1
28419,9,Other pancytopenia,2,2,1
28521,9,Anemia in chronic kidney disease,2,2,2
2866,9,Defibrination syndrome,2,2,2
2869,9,Other and unspecified coagulation defects,2,2,2
28749,9,Other secondary thrombocytopenia,2,2,2
2910,9,Alcohol withdrawal delirium,2,2,2
29530,9,"Paranoid type schizophrenia, unspecified",2,2,1
29680,9,"Bipolar disorder, unspecified",2,2,1
29900,9,"Autistic disorder, current or active state",2,2,1
30301,9,"Acute alcoholic intoxication in alcoholism, continuous",2,2,2
30391,9,"Other and unspecified alcohol dependence, continuous",2,2,2
3240,9,Intracranial abscess,2,2,1
33818,9,Other acute postoperative pain,2,2,2
340,9,Multiple sclerosis,2,2,1
3453,9,Grand mal status,2,2,2
34590,9,"Epilepsy, unspecified, without mention of intractable epilepsy",2,2,2
3575,9,Alcoholic polyneuropathy,2,2,2
3659,9,Unspecified glaucoma,2,2,1
4111,9,Intermediate coronary syndrome,2,2,2
41189,9,"Other acute and subacute forms of ischemic heart disease, other",2,2,2
4139,9,Other and unspecified angina pectoris,2,2,2
4142,9,Chronic total occlusion of coronary artery,2,2,2
4148,9,Other specified forms of chronic ischemic heart disease,2,2,2
4239,9,Unspecified disease of pericardium,2,2,2
42612,9,Mobitz (type) II atrioventricular block,2,2,1
42732,9,Atrial flutter,2,2,2
42832,9,Chronic diastolic heart failure,2,2,2
43491,9,"Cerebral artery occlusion, unspecified with cerebral infarction",2,2,2
4373,9,"Cerebral aneurysm, nonruptured",2,2,2
4380,9,"Late effects of cerebrovascular disease, cognitive deficits",2,2,2
43889,9,Other late effects of cerebrovascular disease,2,2,2
4400,9,Atherosclerosis of aorta,2,2,2
44489,9,Embolism and thrombosis of other specified artery,2,2,2
45182,9,Phlebitis and thrombophlebitis of superficial veins of upper extremities,2,2,2
4580,9,Orthostatic hypotension,2,2,1
45981,9,"Venous (peripheral) insufficiency, unspecified",2,2,2
4739,9,Unspecified sinusitis (chronic),2,2,2
4820,9,Pneumonia due to Klebsiella pneumoniae,2,2,2
4846,9,Pneumonia in aspergillosis,2,2,1
4940,9,Bronchiectasis without acute exacerbation,2,2,2
51189,9,"Other specified forms of effusion, except tuberculous",2,2,2
514,9,Pulmonary congestion and hypostasis,2,2,2
515,9,Postinflammatory pulmonary fibrosis,2,2,1
51889,9,"Other diseases of lung, not elsewhere classified",2,2,2
53140,9,"Chronic or unspecified gastric ulcer with hemorrhage, without mention of obstruction",2,2,2
53240,9,"Chronic or unspecified duodenal ulcer with hemorrhage, without mention of obstruction",2,2,2
5531,9,Umbilical hernia without mention of obstruction or gangrene,2,2,2
5533,9,Diaphragmatic hernia without mention of obstruction or gangrene,2,2,2
5570,9,Acute vascular insufficiency of intestine,2,2,2
5693,9,Hemorrhage of rectum and anus,2,2,2
56981,9,"Fistula of intestine, excluding rectum and anus",2,2,2
5711,9,Acute alcoholic hepatitis,2,2,2
57450,9,"Calculus of bile duct without mention of cholecystitis, without mention of obstruction",2,2,1
58389,9,"Nephritis and nephropathy, not specified as acute or chronic, with other specified pathological lesion in kidney",2,2,2
5856,9,End stage renal disease,2,2,1
5939,9,Unspecified disorder of kidney and ureter,2,2,2
5989,9,"Urethral stricture, unspecified",2,2,2
60000,9,Hypertrophy (benign) of prostate without urinary obstruction and other lower urinary tract symptom (LUTS),2,2,2
60001,9,Hypertrophy (benign) of prostate with urinary obstruction and other lower urinary tract symptoms (LUTS),2,2,2
6929,9,"Contact dermatitis and other eczema, unspecified cause",2,2,2
6930,9,Dermatitis due to drugs and medicines taken internally,2,2,2
70703,9,"Pressure ulcer, lower back",2,2,1
71590,9,"Osteoarthrosis, unspecified whether generalized or localized, site unspecified",2,2,2
71594,9,"Osteoarthrosis, unspecified whether generalized or localized, hand",2,2,1
73027,9,"Unspecified osteomyelitis, ankle and foot",2,2,1
7318,9,Other bone involvement in diseases classified elsewhere,2,2,1
7802,9,Syncope and collapse,2,2,2
78062,9,Postprocedural fever,2,2,2
78194,9,Facial weakness,2,2,2
7823,9,Edema,2,2,2
7824,9,"Jaundice, unspecified, not of newborn",2,2,2
78451,9,Dysarthria,2,2,2
7847,9,Epistaxis,2,2,2
78609,9,Other respiratory abnormalities,2,2,2
78722,9,"Dysphagia, oropharyngeal phase",2,2,2
7905,9,Other nonspecific abnormal serum enzyme levels,2,2,2
79311,9,Solitary pulmonary nodule,2,2,2
7994,9,Cachexia,2,2,2
8052,9,Closed fracture of dorsal [thoracic] vertebra without mention of spinal cord injury,2,2,2
8054,9,Closed fracture of lumbar vertebra without mention of spinal cord injury,2,2,2
80704,9,Closed fracture of four ribs,2,2,2
85221,9,"Subdural hemorrhage following injury without mention of open intracranial wound, with no loss of consciousness",2,2,2
8600,9,Traumatic pneumothorax without mention of open wound into thorax,2,2,2
9010,9,Injury to thoracic aorta,2,2,2
99674,9,"Other complications due to other vascular device, implant, and graft",2,2,2
99731,9,Ventilator associated pneumonia,2,2,2
99749,9,Other digestive system complications,2,2,2
99832,9,Disruption of external operation (surgical) wound,2,2,2
99931,9,Other and unspecified infection due to central venous catheter,2,2,2
A047,10,Enterocolitis due to Clostridium difficile,2,2,2
B3749,10,Other urogenital candidiasis,2,2,2
B9561,10,Methicillin susceptible Staphylococcus aureus infection as the cause of diseases classified elsewhere,2,2,2
B9562,10,Methicillin resistant Staphylococcus aureus infection as the cause of diseases classified elsewhere,2,2,2
C6292,10,"Malignant neoplasm of left testis, unspecified whether descended or undescended",2,2,1
C73,10,Malignant neoplasm of thyroid gland,2,2,1
C9000,10,Multiple myeloma not having achieved remission,2,2,2
D472,10,Monoclonal gammopathy,2,2,2
D61818,10,Other pancytopenia,2,2,2
D688,10,Other specified coagulation defects,2,2,2
D709,10,"Neutropenia, unspecified",2,2,1
D72819,10,"Decreased white blood cell count, unspecified",2,2,2
D869,10,"Sarcoidosis, unspecified",2,2,1
E1151,10,Type 2 diabetes mellitus with diabetic peripheral angiopathy without gangrene,2,2,1
E162,10,"Hypoglycemia, unspecified",2,2,1
E222,10,Syndrome of inappropriate secretion of antidiuretic hormone,2,2,1
E5112,10,Wet beriberi,2,2,1
E8120,9,Other motor vehicle traffic accident involving collision with motor vehicle injuring driver of motor vehicle other than motorcycle,2,2,2
E8150,9,Other motor vehicle traffic accident involving collision on the highway injuring driver of motor vehicle other than motorcycle,2,2,2
E8499,9,Accidents occurring in unspecified place,2,2,2
E873,10,Alkalosis,2,2,2
E874,10,Mixed disorder of acid-base balance,2,2,2
E8781,9,"Surgical operation with implant of artificial internal device causing abnormal patient reaction, or later complication,without mention of misadventure at time of operation",2,2,2
E8786,9,"Removal of other organ (partial) (total) causing abnormal patient reaction, or later complication, without mention of misadventure at time of operation",2,2,2
E8809,9,Accidental fall on or from other stairs or steps,2,2,2
E9319,9,Other and unspecified anti-infectives causing adverse effects in therapeutic use,2,2,2
E9320,9,Adrenal cortical steroids causing adverse effects in therapeutic use,2,2,2
E9331,9,Antineoplastic and immunosuppressive drugs causing adverse effects in therapeutic use,2,2,2
E9352,9,Other opiates and related narcotics causing adverse effects in therapeutic use,2,2,2
E9444,9,Other diuretics causing adverse effects in therapeutic use,2,2,2
F0390,10,Unspecified dementia without behavioral disturbance,2,2,2
F09,10,Unspecified mental disorder due to known physiological condition,2,2,2
F1910,10,"Other psychoactive substance abuse, uncomplicated",2,2,2
F209,10,"Schizophrenia, unspecified",2,2,2
F29,10,Unspecified psychosis not due to a substance or known physiological condition,2,2,1
G43909,10,"Migraine, unspecified, not intractable, without status migrainosus",2,2,1
G629,10,"Polyneuropathy, unspecified",2,2,2
G92,10,Toxic encephalopathy,2,2,2
H3530,10,Unspecified macular degeneration,2,2,2
I081,10,Rheumatic disorders of both mitral and tricuspid valves,2,2,2
I255,10,Ischemic cardiomyopathy,2,2,2
I313,10,Pericardial effusion (noninflammatory),2,2,2
I314,10,Cardiac tamponade,2,2,2
I350,10,Nonrheumatic aortic (valve) stenosis,2,2,2
I428,10,Other cardiomyopathies,2,2,2
I471,10,Supraventricular tachycardia,2,2,2
I481,10,Persistent atrial fibrillation,2,2,2
I482,10,Chronic atrial fibrillation,2,2,2
I69344,10,Monoplegia of lower limb following cerebral infarction affecting left non-dominant side,2,2,1
I714,10,"Abdominal aortic aneurysm, without rupture",2,2,2
I81,10,Portal vein thrombosis,2,2,1
I82412,10,Acute embolism and thrombosis of left femoral vein,2,2,2
I82622,10,Acute embolism and thrombosis of deep veins of left upper extremity,2,2,2
I871,10,Compression of vein,2,2,2
I951,10,Orthostatic hypotension,2,2,2
I9581,10,Postprocedural hypotension,2,2,2
J810,10,Acute pulmonary edema,2,2,2
J910,10,Malignant pleural effusion,2,2,2
J9809,10,"Other diseases of bronchus, not elsewhere classified",2,2,2
K264,10,Chronic or unspecified duodenal ulcer with hemorrhage,2,2,1
K289,10,"Gastrojejunal ulcer, unspecified as acute or chronic, without hemorrhage or perforation",2,2,1
K449,10,Diaphragmatic hernia without obstruction or gangrene,2,2,2
K565,10,Intestinal adhesions [bands] with obstruction (postinfection),2,2,1
K5900,10,"Constipation, unspecified",2,2,2
K660,10,Peritoneal adhesions (postprocedural) (postinfection),2,2,1
K7040,10,Alcoholic hepatic failure without coma,2,2,1
K7200,10,Acute and subacute hepatic failure without coma,2,2,2
K7201,10,Acute and subacute hepatic failure with coma,2,2,2
K7469,10,Other cirrhosis of liver,2,2,2
K861,10,Other chronic pancreatitis,2,2,1
K921,10,Melena,2,2,2
L97519,10,Non-pressure chronic ulcer of other part of right foot with unspecified severity,2,2,1
L97529,10,Non-pressure chronic ulcer of other part of left foot with unspecified severity,2,2,1
M3500,10,"Sicca syndrome, unspecified",2,2,1
M351,10,Other overlap syndromes,2,2,1
M545,10,Low back pain,2,2,2
M5489,10,Other dorsalgia,2,2,1
M549,10,"Dorsalgia, unspecified",2,2,1
M797,10,Fibromyalgia,2,2,1
M7981,10,Nontraumatic hematoma of soft tissue,2,2,2
M7989,10,Other specified soft tissue disorders,2,2,1
N400,10,Benign prostatic hyperplasia without lower urinary tract symptoms,2,2,1
Q6432,10,Congenital stricture of urethra,2,2,1
R001,10,"Bradycardia, unspecified",2,2,2
R109,10,Unspecified abdominal pain,2,2,1
R1310,10,"Dysphagia, unspecified",2,2,2
R188,10,Other ascites,2,2,2
R21,10,Rash and other nonspecific skin eruption,2,2,2
R2232,10,"Localized swelling, mass and lump, left upper limb",2,2,2
R300,10,Dysuria,2,2,2
R310,10,Gross hematuria,2,2,2
R45851,10,Suicidal ideations,2,2,1
R5081,10,Fever presenting with conditions classified elsewhere,2,2,1
R51,10,Headache,2,2,2
R5383,10,Other fatigue,2,2,1
R569,10,Unspecified convulsions,2,2,2
R578,10,Other shock,2,2,2
R7989,10,Other specified abnormal findings of blood chemistry,2,2,2
S22059A,10,"Unspecified fracture of T5-T6 vertebra, initial encounter for closed fracture",2,2,1
S22069A,10,"Unspecified fracture of T7-T8 vertebra, initial encounter for closed fracture",2,2,1
S8012XA,10,"Contusion of left lower leg, initial encounter",2,2,2
T17990A,10,"Other foreign object in respiratory tract, part unspecified in causing asphyxiation, initial encounter",2,2,2
T402X5A,10,"Adverse effect of other opioids, initial encounter",2,2,2
T501X5A,10,"Adverse effect of loop [high-ceiling] diuretics, initial encounter",2,2,2
T508X5A,10,"Adverse effect of diagnostic agents, initial encounter",2,2,2
T8119XA,10,"Other postprocedural shock, initial encounter",2,2,2
T8131XA,10,"Disruption of external operation (surgical) wound, not elsewhere classified, initial encounter",2,2,2
V1052,9,Personal history of malignant neoplasm of kidney,2,2,1
V1079,9,Personal history of other lymphatic and hematopoietic neoplasms,2,2,1
V113,9,Personal history of alcoholism,2,2,2
V1253,9,Personal history of sudden cardiac arrest,2,2,1
V1255,9,Personal history of pulmonary embolism,2,2,2
V1271,9,Personal history of peptic ulcer disease,2,2,2
V1302,9,"Personal history, urinary (tract) infection",2,2,1
V1551,9,Personal history of traumatic fracture,2,2,1
V161,9,"Family history of malignant neoplasm of trachea, bronchus, and lung",2,2,2
V163,9,Family history of malignant neoplasm of breast,2,2,2
V4281,9,Bone marrow replaced by transplant,2,2,1
V4364,9,Hip joint replacement,2,2,2
V441,9,Gastrostomy status,2,2,2
V4502,9,Automatic implantable cardiac defibrillator in situ,2,2,2
V453,9,Intestinal bypass or anastomosis status,2,2,1
V4577,9,"Acquired absence of organ, genital organs",2,2,2
V4586,9,Bariatric surgery status,2,2,2
V600,9,Lack of housing,2,2,1
V620,9,Unemployment,2,2,1
V851,9,"Body Mass Index between 19-24, adult",2,2,2
V8531,9,"Body Mass Index 31.0-31.9, adult",2,2,2
W1830XA,10,"Fall on same level, unspecified, initial encounter",2,2,2
Y831,10,"Surgical operation with implant of artificial internal device as the cause of abnormal reaction of the patient, or of later complication, without mention of misadventure at the time of the procedure",2,2,2
Y832,10,"Surgical operation with anastomosis, bypass or graft as the cause of abnormal reaction of the patient, or of later complication, without mention of misadventure at the time of the procedure",2,2,2
Y838,10,"Other surgical procedures as the cause of abnormal reaction of the patient, or of later complication, without mention of misadventure at the time of the procedure",2,2,2
Y92009,10,Unspecified place in unspecified non-institutional (private) residence as the place of occurrence of the external cause,2,2,2
Z5111,10,Encounter for antineoplastic chemotherapy,2,2,2
Z5309,10,Procedure and treatment not carried out because of other contraindication,2,2,2
Z681,10,"Body mass index (BMI) 19.9 or less, adult",2,2,2
Z6823,10,"Body mass index (BMI) 23.0-23.9, adult",2,2,1
Z6824,10,"Body mass index (BMI) 24.0-24.9, adult",2,2,2
Z6834,10,"Body mass index (BMI) 34.0-34.9, adult",2,2,1
Z6836,10,"Body mass index (BMI) 36.0-36.9, adult",2,2,1
Z6838,10,"Body mass index (BMI) 38.0-38.9, adult",2,2,2
Z8546,10,Personal history of malignant neoplasm of prostate,2,2,1
Z8571,10,Personal history of Hodgkin lymphoma,2,2,1
Z85828,10,Personal history of other malignant neoplasm of skin,2,2,2
Z8711,10,Personal history of peptic ulcer disease,2,2,2
Z9012,10,Acquired absence of left breast and nipple,2,2,1
Z9114,10,Patient's other noncompliance with medication regimen,2,2,1
Z915,10,Personal history of self-harm,2,2,2
Z9282,10,Status post administration of tPA (rtPA) in a different facility within the last 24 hours prior to admission to current facility,2,2,2
Z930,10,Tracheostomy status,2,2,1
Z931,10,Gastrostomy status,2,2,2
Z952,10,Presence of prosthetic heart valve,2,2,1
Z95820,10,Peripheral vascular angioplasty status with implants and grafts,2,2,2
Z981,10,Arthrodesis status,2,2,1
Z9981,10,Dependence on supplemental oxygen,2,2,2
0383,9,Septicemia due to anaerobes,1,1,1
03843,9,Septicemia due to pseudomonas,1,1,1
0388,9,Other specified septicemias,1,1,1
04102,9,"Streptococcus infection in conditions classified elsewhere and of unspecified site, streptococcus, group B",1,1,1
04110,9,"Staphylococcus infection in conditions classified elsewhere and of unspecified site, staphylococcus, unspecified",1,1,1
04111,9,Methicillin susceptible Staphylococcus aureus in conditions classified elsewhere and of unspecified site,1,1,1
04112,9,Methicillin resistant Staphylococcus aureus in conditions classified elsewhere and of unspecified site,1,1,1
04119,9,"Staphylococcus infection in conditions classified elsewhere and of unspecified site, other staphylococcus",1,1,1
0413,9,Friedländer's bacillus infection in conditions classified elsewhere and of unspecified site,1,1,1
0416,9,Proteus (mirabilis) (morganii) infection in conditions classified elsewhere and of unspecified site,1,1,1
04184,9,"Other specified bacterial infections in conditions classified elsewhere and of unspecified site, other anaerobes",1,1,1
07032,9,Chronic viral hepatitis B without mention of hepatic coma without mention of hepatitis delta,1,1,1
07044,9,Chronic hepatitis C with hepatic coma,1,1,1
07071,9,Unspecified viral hepatitis C with hepatic coma,1,1,1
1121,9,Candidiasis of vulva and vagina,1,1,1
1369,9,Unspecified infectious and parasitic diseases,1,1,1
1505,9,Malignant neoplasm of lower third of esophagus,1,1,1
1540,9,Malignant neoplasm of rectosigmoid junction,1,1,1
1541,9,Malignant neoplasm of rectum,1,1,1
1548,9,"Malignant neoplasm of other sites of rectum, rectosigmoid junction, and anus",1,1,1
1551,9,Malignant neoplasm of intrahepatic bile ducts,1,1,1
1560,9,Malignant neoplasm of gallbladder,1,1,1
1571,9,Malignant neoplasm of body of pancreas,1,1,1
1622,9,Malignant neoplasm of main bronchus,1,1,1
1625,9,"Malignant neoplasm of lower lobe, bronchus or lung",1,1,1
1741,9,Malignant neoplasm of central portion of female breast,1,1,1
1759,9,Malignant neoplasm of other and unspecified sites of male breast,1,1,1
1962,9,Secondary and unspecified malignant neoplasm of intra-abdominal lymph nodes,1,1,1
1968,9,Secondary and unspecified malignant neoplasm of lymph nodes of multiple sites,1,1,1
1971,9,Secondary malignant neoplasm of mediastinum,1,1,1
1977,9,"Malignant neoplasm of liver, secondary",1,1,1
1978,9,Secondary malignant neoplasm of other digestive organs and spleen,1,1,1
1980,9,Secondary malignant neoplasm of kidney,1,1,1
1983,9,Secondary malignant neoplasm of brain and spinal cord,1,1,1
1991,9,Other malignant neoplasm without specification of site,1,1,1
20190,9,"Hodgkin's disease, unspecified type, unspecified site, extranodal and solid organ sites",1,1,1
20210,9,"Mycosis fungoides, unspecified site, extranodal and solid organ sites",1,1,1
20501,9,"Acute myeloid leukemia, in remission",1,1,1
2127,9,Benign neoplasm of heart,1,1,1
2330,9,Carcinoma in situ of breast,1,1,1
23871,9,Essential thrombocythemia,1,1,1
2397,9,Neoplasm of unspecified nature of endocrine glands and other parts of nervous system,1,1,1
2410,9,Nontoxic uninodular goiter,1,1,1
2469,9,Unspecified disorder of thyroid,1,1,1
25022,9,"Diabetes with hyperosmolarity, type II or unspecified type, uncontrolled",1,1,1
25050,9,"Diabetes with ophthalmic manifestations, type II or unspecified type, not stated as uncontrolled",1,1,1
25060,9,"Diabetes with neurological manifestations, type II or unspecified type, not stated as uncontrolled",1,1,1
2511,9,Other specified hypoglycemia,1,1,1
2536,9,Other disorders of neurohypophysis,1,1,1
25541,9,Glucocorticoid deficiency,1,1,1
2555,9,Other adrenal hypofunction,1,1,1
2651,9,Other and unspecified manifestations of thiamine deficiency,1,1,1
27542,9,Hypercalcemia,1,1,1
2769,9,Electrolyte and fluid disorders not elsewhere classified,1,1,1
2810,9,Pernicious anemia,1,1,1
2819,9,Unspecified deficiency anemia,1,1,1
28411,9,Antineoplastic chemotherapy induced pancytopenia,1,1,1
2853,9,Antineoplastic chemotherapy induced anemia,1,1,1
28804,9,Neutropenia due to infection,1,1,1
29281,9,Drug-induced delirium,1,1,1
29284,9,Drug-induced mood disorder,1,1,1
29411,9,Dementia in conditions classified elsewhere with behavioral disturbance,1,1,1
29520,9,"Catatonic type schizophrenia, unspecified",1,1,1
29532,9,"Paranoid type schizophrenia, chronic",1,1,1
29574,9,"Schizoaffective disorder, chronic with acute exacerbation",1,1,1
29633,9,"Major depressive affective disorder, recurrent episode, severe, without mention of psychotic behavior",1,1,1
29660,9,"Bipolar I disorder, most recent episode (or current) mixed, unspecified",1,1,1
30001,9,Panic disorder without agoraphobia,1,1,1
3004,9,Dysthymic disorder,1,1,1
30183,9,Borderline personality disorder,1,1,1
30501,9,"Alcohol abuse, continuous",1,1,1
30521,9,"Cannabis abuse, continuous",1,1,1
30553,9,"Opioid abuse, in remission",1,1,1
3129,9,Unspecified disturbance of conduct,1,1,1
3310,9,Alzheimer's disease,1,1,1
3314,9,Obstructive hydrocephalus,1,1,1
3331,9,Essential and other specified forms of tremor,1,1,1
33520,9,Amyotrophic lateral sclerosis,1,1,1
33812,9,Acute post-thoracotomy pain,1,1,1
33819,9,Other acute pain,1,1,1
3393,9,"Drug induced headache, not elsewhere classified",1,1,1
34290,9,"Hemiplegia, unspecified, affecting unspecified side",1,1,1
34550,9,"Localization-related (focal) (partial) epilepsy and epileptic syndromes with simple partial seizures, without mention of intractable epilepsy",1,1,1
34600,9,"Migraine with aura, without mention of intractable migraine without mention of status migrainosus",1,1,1
3484,9,Compression of brain,1,1,1
3489,9,Unspecified condition of brain,1,1,1
3559,9,Mononeuritis of unspecified site,1,1,1
36201,9,Background diabetic retinopathy,1,1,1
36230,9,"Retinal vascular occlusion, unspecified",1,1,1
36250,9,"Macular degeneration (senile), unspecified",1,1,1
3682,9,Diplopia,1,1,1
37950,9,"Nystagmus, unspecified",1,1,1
38010,9,"Infective otitis externa, unspecified",1,1,1
38531,9,Cholesteatoma of attic,1,1,1
3898,9,Other specified forms of hearing loss,1,1,1
3899,9,Unspecified hearing loss,1,1,1
3940,9,Mitral stenosis,1,1,1
3968,9,Multiple involvement of mitral and aortic valves,1,1,1
3970,9,Diseases of tricuspid valve,1,1,1
40300,9,"Hypertensive chronic kidney disease, malignant, with chronic kidney disease stage I through stage IV, or unspecified",1,1,1
40491,9,"Hypertensive heart and chronic kidney disease, unspecified, with heart failure and with chronic kidney disease stage I through stage IV, or unspecified",1,1,1
41402,9,Coronary atherosclerosis of autologous vein bypass graft,1,1,1
4149,9,"Chronic ischemic heart disease, unspecified",1,1,1
4150,9,Acute cor pulmonale,1,1,1
41519,9,Other pulmonary embolism and infarction,1,1,1
4238,9,Other specified diseases of pericardium,1,1,1
4259,9,"Secondary cardiomyopathy, unspecified",1,1,1
4260,9,"Atrioventricular block, complete",1,1,1
4263,9,Other left bundle branch block,1,1,1
4264,9,Right bundle branch block,1,1,1
42769,9,Other premature beats,1,1,1
42821,9,Acute systolic heart failure,1,1,1
42830,9,"Diastolic heart failure, unspecified",1,1,1
42842,9,Chronic combined systolic and diastolic heart failure,1,1,1
42843,9,Acute on chronic combined systolic and diastolic heart failure,1,1,1
4293,9,Cardiomegaly,1,1,1
430,9,Subarachnoid hemorrhage,1,1,1
43310,9,Occlusion and stenosis of carotid artery without mention of cerebral infarction,1,1,1
4370,9,Cerebral atherosclerosis,1,1,1
43811,9,"Late effects of cerebrovascular disease, aphasia",1,1,1
4401,9,Atherosclerosis of renal artery,1,1,1
44102,9,"Dissection of aorta, abdominal",1,1,1
4414,9,Abdominal aneurysm without mention of rupture,1,1,1
44329,9,Dissection of other artery,1,1,1
4471,9,Stricture of artery,1,1,1
4473,9,Hyperplasia of renal artery,1,1,1
45383,9,"Acute venous embolism and thrombosis of upper extremity, unspecified",1,1,1
45385,9,Acute venous embolism and thrombosis of subclavian veins,1,1,1
4556,9,Unspecified hemorrhoids without mention of complication,1,1,1
4558,9,Unspecified hemorrhoids with other complication,1,1,1
4561,9,Esophageal varices without mention of bleeding,1,1,1
45620,9,"Esophageal varices in diseases classified elsewhere, with bleeding",1,1,1
4568,9,Varices of other sites,1,1,1
4571,9,Other lymphedema,1,1,1
4588,9,Other specified hypotension,1,1,1
4592,9,Compression of vein,1,1,1
45989,9,Other specified disorders of circulatory system,1,1,1
46400,9,Acute laryngitis without mention of obstruction,1,1,1
4660,9,Acute bronchitis,1,1,1
4779,9,"Allergic rhinitis, cause unspecified",1,1,1
4809,9,"Viral pneumonia, unspecified",1,1,1
48241,9,Methicillin susceptible pneumonia due to Staphylococcus aureus,1,1,1
48242,9,Methicillin resistant pneumonia due to Staphylococcus aureus,1,1,1
48249,9,Other Staphylococcus pneumonia,1,1,1
4829,9,"Bacterial pneumonia, unspecified",1,1,1
4870,9,Influenza with pneumonia,1,1,1
49121,9,Obstructive chronic bronchitis with (acute) exacerbation,1,1,1
4928,9,Other emphysema,1,1,1
5109,9,Empyema without mention of fistula,1,1,1
5110,9,Pleurisy without mention of effusion or current tuberculosis,1,1,1
5121,9,Iatrogenic pneumothorax,1,1,1
5168,9,Other specified alveolar and parietoalveolar pneumonopathies,1,1,1
51851,9,Acute respiratory failure following trauma and surgery,1,1,1
5187,9,Transfusion related acute lung injury (TRALI),1,1,1
5262,9,Other cysts of jaws,1,1,1
53010,9,"Esophagitis, unspecified",1,1,1
53012,9,Acute esophagitis,1,1,1
5305,9,Dyskinesia of esophagus,1,1,1
53190,9,"Gastric ulcer, unspecified as acute or chronic, without mention of hemorrhage or perforation, without mention of obstruction",1,1,1
53290,9,"Duodenal ulcer, unspecified as acute or chronic, without hemorrhage or perforation, without mention of obstruction",1,1,1
53560,9,"Duodenitis, without mention of hemorrhage",1,1,1
5370,9,Acquired hypertrophic pyloric stenosis,1,1,1
53789,9,Other specified disorders of stomach and duodenum,1,1,1
5400,9,Acute appendicitis with generalized peritonitis,1,1,1
55320,9,"Ventral, unspecified, hernia without mention of obstruction or gangrene",1,1,1
55329,9,Other ventral hernia without mention of obstruction or gangrene,1,1,1
5559,9,Regional enteritis of unspecified site,1,1,1
5589,9,Other and unspecified noninfectious gastroenteritis and colitis,1,1,1
56089,9,Other specified intestinal obstruction,1,1,1
56723,9,Spontaneous bacterial peritonitis,1,1,1
56789,9,Other specified peritonitis,1,1,1
56889,9,Other specified disorders of peritoneum,1,1,1
56942,9,Anal or rectal pain,1,1,1
56989,9,Other specified disorders of intestine,1,1,1
5718,9,Other chronic nonalcoholic liver disease,1,1,1
5722,9,Hepatic encephalopathy,1,1,1
5733,9,"Hepatitis, unspecified",1,1,1
57512,9,Acute and chronic cholecystitis,1,1,1
5761,9,Cholangitis,1,1,1
5762,9,Obstruction of bile duct,1,1,1
5768,9,Other specified disorders of biliary tract,1,1,1
5771,9,Chronic pancreatitis,1,1,1
5778,9,Other specified diseases of pancreas,1,1,1
5809,9,Acute glomerulonephritis with unspecified pathological lesion in kidney,1,1,1
5829,9,Chronic glomerulonephritis with unspecified pathological lesion in kidney,1,1,1
5855,9,"Chronic kidney disease, Stage V",1,1,1
587,9,"Renal sclerosis, unspecified",1,1,1
5920,9,Calculus of kidney,1,1,1
5921,9,Calculus of ureter,1,1,1
5934,9,Other ureteric obstruction,1,1,1
59654,9,Neurogenic bladder NOS,1,1,1
59960,9,"Urinary obstruction, unspecified",1,1,1
59969,9,"Urinary obstruction, not elsewhere classified",1,1,1
59970,9,"Hematuria, unspecified",1,1,1
59972,9,Microscopic hematuria,1,1,1
60886,9,Edema of male genital organs,1,1,1
61172,9,Lump or mass in breast,1,1,1
61650,9,"Ulceration of vulva, unspecified",1,1,1
6185,9,Prolapse of vaginal vault after hysterectomy,1,1,1
6186,9,"Vaginal enterocele, congenital or acquired",1,1,1
6202,9,Other and unspecified ovarian cyst,1,1,1
6253,9,Dysmenorrhea,1,1,1
6273,9,Postmenopausal atrophic vaginitis,1,1,1
6820,9,Cellulitis and abscess of face,1,1,1
6824,9,"Cellulitis and abscess of hand, except fingers and thumb",1,1,1
6826,9,"Cellulitis and abscess of leg, except foot",1,1,1
6926,9,Contact dermatitis and other eczema due to plants [except food],1,1,1
6961,9,Other psoriasis,1,1,1
70400,9,"Alopecia, unspecified",1,1,1
70722,9,"Pressure ulcer, stage II",1,1,1
70723,9,"Pressure ulcer, stage III",1,1,1
71535,9,"Osteoarthrosis, localized, not specified whether primary or secondary, pelvic region and thigh",1,1,1
71536,9,"Osteoarthrosis, localized, not specified whether primary or secondary, lower leg",1,1,1
71650,9,"Unspecified polyarthropathy or polyarthritis, site unspecified",1,1,1
71696,9,"Arthropathy, unspecified, lower leg",1,1,1
71940,9,"Pain in joint, site unspecified",1,1,1
71941,9,"Pain in joint, shoulder region",1,1,1
7197,9,Difficulty in walking,1,1,1
7200,9,Ankylosing spondylitis,1,1,1
7210,9,Cervical spondylosis without myelopathy,1,1,1
7213,9,Lumbosacral spondylosis without myelopathy,1,1,1
7224,9,Degeneration of cervical intervertebral disc,1,1,1
72252,9,Degeneration of lumbar or lumbosacral intervertebral disc,1,1,1
72402,9,"Spinal stenosis, lumbar region, without neurogenic claudication",1,1,1
72403,9,"Spinal stenosis, lumbar region, with neurogenic claudication",1,1,1
7260,9,Adhesive capsulitis of shoulder,1,1,1
72888,9,Rhabdomyolysis,1,1,1
72889,9,"Other disorders of muscle, ligament, and fascia",1,1,1
7291,9,"Myalgia and myositis, unspecified",1,1,1
7295,9,Pain in limb,1,1,1
72989,9,Other musculoskeletal symptoms referable to limbs,1,1,1
73010,9,"Chronic osteomyelitis, site unspecified",1,1,1
73730,9,"Scoliosis [and kyphoscoliosis], idiopathic",1,1,1
75169,9,"Other anomalies of gallbladder, bile ducts, and liver",1,1,1
75249,9,"Other anomalies of cervix, vagina, and external female genitalia",1,1,1
75261,9,Hypospadias,1,1,1
7530,9,Renal agenesis and dysgenesis,1,1,1
75310,9,"Cystic kidney disease, unspecified",1,1,1
75612,9,Spondylolisthesis,1,1,1
78009,9,Other alteration of consciousness,1,1,1
7801,9,Hallucinations,1,1,1
7804,9,Dizziness and giddiness,1,1,1
78057,9,Unspecified sleep apnea,1,1,1
78061,9,Fever presenting with conditions classified elsewhere,1,1,1
78065,9,Hypothermia not associated with low environmental temperature,1,1,1
78079,9,Other malaise and fatigue,1,1,1
78094,9,Early satiety,1,1,1
7810,9,Abnormal involuntary movements,1,1,1
7813,9,Lack of coordination,1,1,1
7830,9,Anorexia,1,1,1
7837,9,Adult failure to thrive,1,1,1
7840,9,Headache,1,1,1
7842,9,"Swelling, mass, or lump in head and neck",1,1,1
78442,9,Dysphonia,1,1,1
78469,9,Other symbolic dysfunction,1,1,1
7851,9,Palpitations,1,1,1
7852,9,Undiagnosed cardiac murmurs,1,1,1
78551,9,Cardiogenic shock,1,1,1
78605,9,Shortness of breath,1,1,1
78606,9,Tachypnea,1,1,1
78652,9,Painful respiration,1,1,1
78702,9,Nausea alone,1,1,1
78729,9,Other dysphagia,1,1,1
7873,9,"Flatulence, eructation, and gas pain",1,1,1
78829,9,Other specified retention of urine,1,1,1
78838,9,Overflow incontinence,1,1,1
7885,9,Oliguria and anuria,1,1,1
78900,9,"Abdominal pain, unspecified site",1,1,1
78909,9,"Abdominal pain, other specified site",1,1,1
7892,9,Splenomegaly,1,1,1
79021,9,Impaired fasting glucose,1,1,1
79022,9,Impaired glucose tolerance test (oral),1,1,1
79029,9,Other abnormal glucose,1,1,1
7906,9,Other abnormal blood chemistry,1,1,1
7916,9,Acetonuria,1,1,1
79319,9,Other nonspecific abnormal finding of lung field,1,1,1
8020,9,Closed fracture of nasal bones,1,1,1
80506,9,Closed fracture of sixth cervical vertebra,1,1,1
80702,9,Closed fracture of two ribs,1,1,1
80707,9,Closed fracture of seven ribs,1,1,1
81201,9,Closed fracture of surgical neck of humerus,1,1,1
81342,9,Other closed fractures of distal end of radius (alone),1,1,1
81600,9,"Closed fracture of phalanx or phalanges of hand, unspecified",1,1,1
82009,9,Other closed transcervical fracture of neck of femur,1,1,1
82021,9,Closed fracture of intertrochanteric section of neck of femur,1,1,1
82111,9,Open fracture of shaft of femur,1,1,1
83908,9,"Closed dislocation, multiple cervical vertebrae",1,1,1
8449,9,Sprains and strains of unspecified site of knee and leg,1,1,1
85186,9,"Other and unspecified cerebral laceration and contusion, without mention of open intracranial wound, with loss of consciousness of unspecified duration",1,1,1
85201,9,"Subarachnoid hemorrhage following injury without mention of open intracranial wound, with no loss of consciousness",1,1,1
85220,9,"Subdural hemorrhage following injury without mention of open intracranial wound, unspecified state of consciousness",1,1,1
8602,9,Traumatic hemothorax without mention of open wound into thorax,1,1,1
86100,9,Unspecified injury of heart without mention of open wound into thorax,1,1,1
86121,9,Contusion of lung without mention of open wound into thorax,1,1,1
86389,9,"Injury to other gastrointestinal sites, without mention of open wound into cavity",1,1,1
86401,9,"Injury to liver without mention of open wound into cavity, hematoma and contusion",1,1,1
86405,9,"Injury to liver without mention of open wound into cavity laceration, unspecified",1,1,1
86801,9,"Injury to other intra-abdominal organs without mention of open wound into cavity, adrenal gland",1,1,1
86803,9,"Injury to other intra-abdominal organs without mention of open wound into cavity, peritoneum",1,1,1
9086,9,Late effect of certain complications of trauma,1,1,1
9168,9,"Other and unspecified superficial injury of hip, thigh, leg, and ankle, without mention of infection",1,1,1
92320,9,Contusion of hand(s),1,1,1
9243,9,Contusion of toe,1,1,1
9331,9,Foreign body in larynx,1,1,1
9584,9,Traumatic shock,1,1,1
9585,9,Traumatic anuria,1,1,1
9623,9,Poisoning by insulins and antidiabetic agents,1,1,1
9950,9,Other anaphylactic reaction,1,1,1
99594,9,Systemic inflammatory response syndrome due to noninfectious process with acute organ dysfunction,1,1,1
99604,9,Mechanical complication of automatic implantable cardiac defibrillator,1,1,1
9961,9,"Mechanical complication of other vascular device, implant, and graft",1,1,1
9962,9,"Mechanical complication of nervous system device, implant, and graft",1,1,1
99657,9,Mechanical complication due to insulin pump,1,1,1
99702,9,Iatrogenic cerebrovascular infarction or hemorrhage,1,1,1
99809,9,"Postoperative shock, other",1,1,1
99830,9,"Disruption of wound, unspecified",1,1,1
9986,9,Persistent postoperative fistula,1,1,1
99932,9,Bloodstream infection due to central venous catheter,1,1,1
99933,9,Local infection due to central venous catheter,1,1,1
A0472,10,"Enterocolitis due to Clostridium difficile, not specified as recurrent",1,1,1
A084,10,"Viral intestinal infection, unspecified",1,1,1
A408,10,Other streptococcal sepsis,1,1,1
A4102,10,Sepsis due to Methicillin resistant Staphylococcus aureus,1,1,1
A4151,10,Sepsis due to Escherichia coli [E. coli],1,1,1
A4189,10,Other specified sepsis,1,1,1
B009,10,"Herpesviral infection, unspecified",1,1,1
B181,10,Chronic viral hepatitis B without delta-agent,1,1,1
B182,10,Chronic viral hepatitis C,1,1,1
B348,10,Other viral infections of unspecified site,1,1,1
B356,10,Tinea cruris,1,1,1
B370,10,Candidal stomatitis,1,1,1
B379,10,"Candidiasis, unspecified",1,1,1
B441,10,Other pulmonary aspergillosis,1,1,1
B59,10,Pneumocystosis,1,1,1
B952,10,Enterococcus as the cause of diseases classified elsewhere,1,1,1
B961,10,Klebsiella pneumoniae [K. pneumoniae] as the cause of diseases classified elsewhere,1,1,1
B9620,10,Unspecified Escherichia coli [E. coli] as the cause of diseases classified elsewhere,1,1,1
B964,10,Proteus (mirabilis) (morganii) as the cause of diseases classified elsewhere,1,1,1
B966,10,Bacteroides fragilis [B. fragilis] as the cause of diseases classified elsewhere,1,1,1
B9681,10,Helicobacter pylori [H. pylori] as the cause of diseases classified elsewhere,1,1,1
C029,10,"Malignant neoplasm of tongue, unspecified",1,1,1
C211,10,Malignant neoplasm of anal canal,1,1,1
C3401,10,Malignant neoplasm of right main bronchus,1,1,1
C3402,10,Malignant neoplasm of left main bronchus,1,1,1
C3490,10,Malignant neoplasm of unspecified part of unspecified bronchus or lung,1,1,1
C6212,10,Malignant neoplasm of descended left testis,1,1,1
C6290,10,"Malignant neoplasm of unspecified testis, unspecified whether descended or undescended",1,1,1
C786,10,Secondary malignant neoplasm of retroperitoneum and peritoneum,1,1,1
C7889,10,Secondary malignant neoplasm of other digestive organs,1,1,1
C7A8,10,Other malignant neuroendocrine tumors,1,1,1
C7B8,10,Other secondary neuroendocrine tumors,1,1,1
C9111,10,Chronic lymphocytic leukemia of B-cell type in remission,1,1,1
C9202,10,"Acute myeloblastic leukemia, in relapse",1,1,1
C92Z0,10,Other myeloid leukemia not having achieved remission,1,1,1
C92Z2,10,"Other myeloid leukemia, in relapse",1,1,1
C946,10,"Myelodysplastic disease, not classified",1,1,1
C9590,10,"Leukemia, unspecified not having achieved remission",1,1,1
D124,10,Benign neoplasm of descending colon,1,1,1
D1802,10,Hemangioma of intracranial structures,1,1,1
D329,10,"Benign neoplasm of meninges, unspecified",1,1,1
D46Z,10,Other myelodysplastic syndromes,1,1,1
D471,10,Chronic myeloproliferative disease,1,1,1
D599,10,"Acquired hemolytic anemia, unspecified",1,1,1
D6481,10,Anemia due to antineoplastic chemotherapy,1,1,1
D684,10,Acquired coagulation factor deficiency,1,1,1
D702,10,Other drug-induced agranulocytosis,1,1,1
D721,10,Eosinophilia,1,1,1
D89813,10,"Graft-versus-host disease, unspecified",1,1,1
E038,10,Other specified hypothyroidism,1,1,1
E041,10,Nontoxic single thyroid nodule,1,1,1
E042,10,Nontoxic multinodular goiter,1,1,1
E049,10,"Nontoxic goiter, unspecified",1,1,1
E0520,10,Thyrotoxicosis with toxic multinodular goiter without thyrotoxic crisis or storm,1,1,1
E0865,10,Diabetes mellitus due to underlying condition with hyperglycemia,1,1,1
E1010,10,Type 1 diabetes mellitus with ketoacidosis without coma,1,1,1
E11622,10,Type 2 diabetes mellitus with other skin ulcer,1,1,1
E11628,10,Type 2 diabetes mellitus with other skin complications,1,1,1
E1169,10,Type 2 diabetes mellitus with other specified complication,1,1,1
E118,10,Type 2 diabetes mellitus with unspecified complications,1,1,1
E278,10,Other specified disorders of adrenal gland,1,1,1
E59,10,Dietary selenium deficiency,1,1,1
E60,10,Dietary zinc deficiency,1,1,1
E781,10,Pure hyperglyceridemia,1,1,1
E806,10,Other disorders of bilirubin metabolism,1,1,1
E8498,9,Accidents occurring in other specified places,1,1,1
E8580,9,Accidental poisoning by hormones and synthetic substitutes,1,1,1
E8654,9,Accidental poisoning from other specified plants,1,1,1
E8700,9,"Accidental cut, puncture, perforation or hemorrhage during surgical operation",1,1,1
E8706,9,"Accidental cut, puncture, perforation or hemorrhage during heart catheterization",1,1,1
E8708,9,"Accidental cut, puncture, perforation or hemorrhage during other specified medical care",1,1,1
E8768,9,Other specified misadventures during medical care,1,1,1
E8770,10,"Fluid overload, unspecified",1,1,1
E8788,9,"Other specified surgical operations and procedures causing abnormal patient reaction, or later complication, without mention of misadventure at time of operation",1,1,1
E8790,9,"Cardiac catheterization as the cause of abnormal reaction of patient, or of later complication, without mention of misadventure at time of procedure",1,1,1
E8809,10,"Other disorders of plasma-protein metabolism, not elsewhere classified",1,1,1
E8844,9,Accidental fall from bed,1,1,1
E8859,9,"Fall from other slipping, tripping, or stumbling",1,1,1
E887,9,"Fracture, cause unspecified",1,1,1
E8881,9,Fall resulting in striking against other object,1,1,1
E8881,10,Metabolic syndrome,1,1,1
E9063,9,Bite of other animal except arthropod,1,1,1
E912,9,Inhalation and ingestion of other object causing obstruction of respiratory tract or suffocation,1,1,1
E9289,9,Unspecified accident,1,1,1
E9290,9,Late effects of motor vehicle accident,1,1,1
E9347,9,Natural blood and blood products causing adverse effects in therapeutic use,1,1,1
E9348,9,Other agents affecting blood constituents causing adverse effects in therapeutic use,1,1,1
E9353,9,Salicylates causing adverse effects in therapeutic use,1,1,1
E9358,9,Other specified analgesics and antipyretics causing adverse effects in therapeutic use,1,1,1
E9383,9,Intravenous anesthetics causing adverse effects in therapeutic use,1,1,1
E9393,9,"Other antipsychotics, neuroleptics, and major tranquilizers causing adverse effects in therapeutic use",1,1,1
E9600,9,Unarmed fight or brawl,1,1,1
F1011,10,"Alcohol abuse, in remission",1,1,1
F1019,10,Alcohol abuse with unspecified alcohol-induced disorder,1,1,1
F10229,10,"Alcohol dependence with intoxication, unspecified",1,1,1
F10251,10,Alcohol dependence with alcohol-induced psychotic disorder with hallucinations,1,1,1
F1099,10,"Alcohol use, unspecified with unspecified alcohol-induced disorder",1,1,1
F1110,10,"Opioid abuse, uncomplicated",1,1,1
F1210,10,"Cannabis abuse, uncomplicated",1,1,1
F1220,10,"Cannabis dependence, uncomplicated",1,1,1
F1290,10,"Cannabis use, unspecified, uncomplicated",1,1,1
F1410,10,"Cocaine abuse, uncomplicated",1,1,1
F1490,10,"Cocaine use, unspecified, uncomplicated",1,1,1
F1994,10,"Other psychoactive substance use, unspecified with psychoactive substance-induced mood disorder",1,1,1
F28,10,Other psychotic disorder not due to a substance or known physiological condition,1,1,1
F309,10,"Manic episode, unspecified",1,1,1
F319,10,"Bipolar disorder, unspecified",1,1,1
F325,10,"Major depressive disorder, single episode, in full remission",1,1,1
F3340,10,"Major depressive disorder, recurrent, in remission, unspecified",1,1,1
F4329,10,Adjustment disorder with other symptoms,1,1,1
F447,10,Conversion disorder with mixed symptom presentation,1,1,1
F449,10,"Dissociative and conversion disorder, unspecified",1,1,1
F5001,10,"Anorexia nervosa, restricting type",1,1,1
F514,10,Sleep terrors [night terrors],1,1,1
F603,10,Borderline personality disorder,1,1,1
G3109,10,Other frontotemporal dementia,1,1,1
G3184,10,"Mild cognitive impairment, so stated",1,1,1
G40901,10,"Epilepsy, unspecified, not intractable, with status epilepticus",1,1,1
G43109,10,"Migraine with aura, not intractable, without status migrainosus",1,1,1
G44209,10,"Tension-type headache, unspecified, not intractable",1,1,1
G8191,10,"Hemiplegia, unspecified affecting right dominant side",1,1,1
G8194,10,"Hemiplegia, unspecified affecting left nondominant side",1,1,1
G931,10,"Anoxic brain damage, not elsewhere classified",1,1,1
G935,10,Compression of brain,1,1,1
G936,10,Cerebral edema,1,1,1
H04123,10,Dry eye syndrome of bilateral lacrimal glands,1,1,1
H1133,10,"Conjunctival hemorrhage, bilateral",1,1,1
H269,10,Unspecified cataract,1,1,1
H34239,10,"Retinal artery branch occlusion, unspecified eye",1,1,1
H53143,10,"Visual discomfort, bilateral",1,1,1
H53462,10,"Homonymous bilateral field defects, left side",1,1,1
H540,10,"Blindness, both eyes",1,1,1
H548,10,"Legal blindness, as defined in USA",1,1,1
H6120,10,"Impacted cerumen, unspecified ear",1,1,1
H8110,10,"Benign paroxysmal vertigo, unspecified ear",1,1,1
I071,10,Rheumatic tricuspid insufficiency,1,1,1
I080,10,Rheumatic disorders of both mitral and aortic valves,1,1,1
I082,10,Rheumatic disorders of both aortic and tricuspid valves,1,1,1
I132,10,"Hypertensive heart and chronic kidney disease with heart failure and with stage 5 chronic kidney disease, or end stage renal disease",1,1,1
I25118,10,Atherosclerotic heart disease of native coronary artery with other forms of angina pectoris,1,1,1
I25119,10,Atherosclerotic heart disease of native coronary artery with unspecified angina pectoris,1,1,1
I2582,10,Chronic total occlusion of coronary artery,1,1,1
I2602,10,Saddle embolus of pulmonary artery with acute cor pulmonale,1,1,1
I2699,10,Other pulmonary embolism without acute cor pulmonale,1,1,1
I2720,10,"Pulmonary hypertension, unspecified",1,1,1
I308,10,Other forms of acute pericarditis,1,1,1
I309,10,"Acute pericarditis, unspecified",1,1,1
I330,10,Acute and subacute infective endocarditis,1,1,1
I361,10,Nonrheumatic tricuspid (valve) insufficiency,1,1,1
I420,10,Dilated cardiomyopathy,1,1,1
I427,10,Cardiomyopathy due to drug and external agent,1,1,1
I447,10,"Left bundle-branch block, unspecified",1,1,1
I4581,10,Long QT syndrome,1,1,1
I462,10,Cardiac arrest due to underlying cardiac condition,1,1,1
I472,10,Ventricular tachycardia,1,1,1
I493,10,Ventricular premature depolarization,1,1,1
I5021,10,Acute systolic (congestive) heart failure,1,1,1
I5031,10,Acute diastolic (congestive) heart failure,1,1,1
I5042,10,Chronic combined systolic (congestive) and diastolic (congestive) heart failure,1,1,1
I5043,10,Acute on chronic combined systolic (congestive) and diastolic (congestive) heart failure,1,1,1
I5181,10,Takotsubo syndrome,1,1,1
I6032,10,Nontraumatic subarachnoid hemorrhage from left posterior communicating artery,1,1,1
I6340,10,Cerebral infarction due to embolism of unspecified cerebral artery,1,1,1
I6521,10,Occlusion and stenosis of right carotid artery,1,1,1
I6522,10,Occlusion and stenosis of left carotid artery,1,1,1
I69322,10,Dysarthria following cerebral infarction,1,1,1
I69351,10,Hemiplegia and hemiparesis following cerebral infarction affecting right dominant side,1,1,1
I69391,10,Dysphagia following cerebral infarction,1,1,1
I69392,10,Facial weakness following cerebral infarction,1,1,1
I69398,10,Other sequelae of cerebral infarction,1,1,1
I69893,10,Ataxia following other cerebrovascular disease,1,1,1
I70262,10,"Atherosclerosis of native arteries of extremities with gangrene, left leg",1,1,1
I7102,10,Dissection of abdominal aorta,1,1,1
I724,10,Aneurysm of artery of lower extremity,1,1,1
I7789,10,Other specified disorders of arteries and arterioles,1,1,1
I82401,10,Acute embolism and thrombosis of unspecified deep veins of right lower extremity,1,1,1
I82422,10,Acute embolism and thrombosis of left iliac vein,1,1,1
I82432,10,Acute embolism and thrombosis of left popliteal vein,1,1,1
I82612,10,Acute embolism and thrombosis of superficial veins of left upper extremity,1,1,1
I82621,10,Acute embolism and thrombosis of deep veins of right upper extremity,1,1,1
I8511,10,Secondary esophageal varices with bleeding,1,1,1
I9589,10,Other hypotension,1,1,1
I97131,10,Postprocedural heart failure following other surgery,1,1,1
I9751,10,Accidental puncture and laceration of a circulatory system organ or structure during a circulatory system procedure,1,1,1
I9752,10,Accidental puncture and laceration of a circulatory system organ or structure during other procedure,1,1,1
I97610,10,Postprocedural hemorrhage of a circulatory system organ or structure following a cardiac catheterization,1,1,1
I97618,10,Postprocedural hemorrhage of a circulatory system organ or structure following other circulatory system procedure,1,1,1
I9789,10,"Other postprocedural complications and disorders of the circulatory system, not elsewhere classified",1,1,1
J15211,10,Pneumonia due to Methicillin susceptible Staphylococcus aureus,1,1,1
J159,10,Unspecified bacterial pneumonia,1,1,1
J208,10,Acute bronchitis due to other specified organisms,1,1,1
J309,10,"Allergic rhinitis, unspecified",1,1,1
J398,10,Other specified diseases of upper respiratory tract,1,1,1
J441,10,Chronic obstructive pulmonary disease with (acute) exacerbation,1,1,1
J60,10,Coalworker's pneumoconiosis,1,1,1
J918,10,Pleural effusion in other conditions classified elsewhere,1,1,1
J942,10,Hemothorax,1,1,1
J952,10,Acute pulmonary insufficiency following nonthoracic surgery,1,1,1
J95811,10,Postprocedural pneumothorax,1,1,1
J9610,10,"Chronic respiratory failure, unspecified whether with hypoxia or hypercapnia",1,1,1
J9622,10,Acute and chronic respiratory failure with hypercapnia,1,1,1
J9690,10,"Respiratory failure, unspecified, unspecified whether with hypoxia or hypercapnia",1,1,1
K047,10,Periapical abscess without sinus,1,1,1
K209,10,"Esophagitis, unspecified",1,1,1
K222,10,Esophageal obstruction,1,1,1
K255,10,Chronic or unspecified gastric ulcer with perforation,1,1,1
K259,10,"Gastric ulcer, unspecified as acute or chronic, without hemorrhage or perforation",1,1,1
K265,10,Chronic or unspecified duodenal ulcer with perforation,1,1,1
K284,10,Chronic or unspecified gastrojejunal ulcer with hemorrhage,1,1,1
K2960,10,Other gastritis without bleeding,1,1,1
K311,10,Adult hypertrophic pyloric stenosis,1,1,1
K316,10,Fistula of stomach and duodenum,1,1,1
K3189,10,Other diseases of stomach and duodenum,1,1,1
K3580,10,Unspecified acute appendicitis,1,1,1
K5190,10,"Ulcerative colitis, unspecified, without complications",1,1,1
K521,10,Toxic gastroenteritis and colitis,1,1,1
K5660,10,Unspecified intestinal obstruction,1,1,1
K56600,10,"Partial intestinal obstruction, unspecified as to cause",1,1,1
K567,10,"Ileus, unspecified",1,1,1
K5730,10,Diverticulosis of large intestine without perforation or abscess without bleeding,1,1,1
K5790,10,"Diverticulosis of intestine, part unspecified, without perforation or abscess without bleeding",1,1,1
K5791,10,"Diverticulosis of intestine, part unspecified, without perforation or abscess with bleeding",1,1,1
K5903,10,Drug induced constipation,1,1,1
K625,10,Hemorrhage of anus and rectum,1,1,1
K635,10,Polyp of colon,1,1,1
K6389,10,Other specified diseases of intestine,1,1,1
K648,10,Other hemorrhoids,1,1,1
K649,10,Unspecified hemorrhoids,1,1,1
K659,10,"Peritonitis, unspecified",1,1,1
K661,10,Hemoperitoneum,1,1,1
K7011,10,Alcoholic hepatitis with ascites,1,1,1
K7460,10,Unspecified cirrhosis of liver,1,1,1
K7681,10,Hepatopulmonary syndrome,1,1,1
K8020,10,Calculus of gallbladder without cholecystitis without obstruction,1,1,1
K8520,10,Alcohol induced acute pancreatitis without necrosis or infection,1,1,1
K859,10,"Acute pancreatitis, unspecified",1,1,1
K860,10,Alcohol-induced chronic pancreatitis,1,1,1
K922,10,"Gastrointestinal hemorrhage, unspecified",1,1,1
K9589,10,Other complications of other bariatric procedure,1,1,1
L03114,10,Cellulitis of left upper limb,1,1,1
L03311,10,Cellulitis of abdominal wall,1,1,1
L0591,10,Pilonidal cyst without abscess,1,1,1
L271,10,Localized skin eruption due to drugs and medicaments taken internally,1,1,1
L281,10,Prurigo nodularis,1,1,1
L299,10,"Pruritus, unspecified",1,1,1
L409,10,"Psoriasis, unspecified",1,1,1
L570,10,Actinic keratosis,1,1,1
L723,10,Sebaceous cyst,1,1,1
L851,10,Acquired keratosis [keratoderma] palmaris et plantaris,1,1,1
L853,10,Xerosis cutis,1,1,1
L89899,10,"Pressure ulcer of other site, unspecified stage",1,1,1
L930,10,Discoid lupus erythematosus,1,1,1
L97229,10,Non-pressure chronic ulcer of left calf with unspecified severity,1,1,1
L97419,10,Non-pressure chronic ulcer of right heel and midfoot with unspecified severity,1,1,1
L97429,10,Non-pressure chronic ulcer of left heel and midfoot with unspecified severity,1,1,1
L97511,10,Non-pressure chronic ulcer of other part of right foot limited to breakdown of skin,1,1,1
L97514,10,Non-pressure chronic ulcer of other part of right foot with necrosis of bone,1,1,1
L97523,10,Non-pressure chronic ulcer of other part of left foot with necrosis of muscle,1,1,1
M1000,10,"Idiopathic gout, unspecified site",1,1,1
M160,10,Bilateral primary osteoarthritis of hip,1,1,1
M1712,10,"Unilateral primary osteoarthritis, left knee",1,1,1
M179,10,"Osteoarthritis of knee, unspecified",1,1,1
M19011,10,"Primary osteoarthritis, right shoulder",1,1,1
M19012,10,"Primary osteoarthritis, left shoulder",1,1,1
M19019,10,"Primary osteoarthritis, unspecified shoulder",1,1,1
M19072,10,"Primary osteoarthritis, left ankle and foot",1,1,1
M1990,10,"Unspecified osteoarthritis, unspecified site",1,1,1
M25511,10,Pain in right shoulder,1,1,1
M25519,10,Pain in unspecified shoulder,1,1,1
M40209,10,"Unspecified kyphosis, site unspecified",1,1,1
M47817,10,"Spondylosis without myelopathy or radiculopathy, lumbosacral region",1,1,1
M47818,10,"Spondylosis without myelopathy or radiculopathy, sacral and sacrococcygeal region",1,1,1
M4854XA,10,"Collapsed vertebra, not elsewhere classified, thoracic region, initial encounter for fracture",1,1,1
M4856XA,10,"Collapsed vertebra, not elsewhere classified, lumbar region, initial encounter for fracture",1,1,1
M5030,10,"Other cervical disc degeneration, unspecified cervical region",1,1,1
M533,10,"Sacrococcygeal disorders, not elsewhere classified",1,1,1
M542,10,Cervicalgia,1,1,1
M5430,10,"Sciatica, unspecified side",1,1,1
M7071,10,"Other bursitis of hip, right hip",1,1,1
M719,10,"Bursopathy, unspecified",1,1,1
M720,10,Palmar fascial fibromatosis [Dupuytren],1,1,1
M726,10,Necrotizing fasciitis,1,1,1
M8008XA,10,"Age-related osteoporosis with current pathological fracture, vertebra(e), initial encounter for fracture",1,1,1
M810,10,Age-related osteoporosis without current pathological fracture,1,1,1
M86171,10,"Other acute osteomyelitis, right ankle and foot",1,1,1
M940,10,Chondrocostal junction syndrome [Tietze],1,1,1
M96831,10,Postprocedural hemorrhage of a musculoskeletal structure following other procedure,1,1,1
N10,10,Acute pyelonephritis,1,1,1
N12,10,"Tubulo-interstitial nephritis, not specified as acute or chronic",1,1,1
N200,10,Calculus of kidney,1,1,1
N281,10,"Cyst of kidney, acquired",1,1,1
N401,10,Benign prostatic hyperplasia with lower urinary tract symptoms,1,1,1
Q620,10,Congenital hydronephrosis,1,1,1
R042,10,Hemoptysis,1,1,1
R1012,10,Left upper quadrant pain,1,1,1
R1013,10,Epigastric pain,1,1,1
R1030,10,"Lower abdominal pain, unspecified",1,1,1
R1084,10,Generalized abdominal pain,1,1,1
R112,10,"Nausea with vomiting, unspecified",1,1,1
R12,10,Heartburn,1,1,1
R1312,10,"Dysphagia, oropharyngeal phase",1,1,1
R1319,10,Other dysphagia,1,1,1
R141,10,Gas pain,1,1,1
R159,10,Full incontinence of feces,1,1,1
R200,10,Anesthesia of skin,1,1,1
R2240,10,"Localized swelling, mass and lump, unspecified lower limb",1,1,1
R2681,10,Unsteadiness on feet,1,1,1
R3911,10,Hesitancy of micturition,1,1,1
R4020,10,Unspecified coma,1,1,1
R4701,10,Aphasia,1,1,1
R488,10,Other symbolic dysfunctions,1,1,1
R490,10,Dysphonia,1,1,1
R5084,10,Febrile nonhemolytic transfusion reaction,1,1,1
R5381,10,Other malaise,1,1,1
R55,10,Syncope and collapse,1,1,1
R61,10,Generalized hyperhidrosis,1,1,1
R627,10,Adult failure to thrive,1,1,1
R634,10,Abnormal weight loss,1,1,1
R638,10,Other symptoms and signs concerning food and fluid intake,1,1,1
R680,10,"Hypothermia, not associated with low environmental temperature",1,1,1
R7881,10,Bacteremia,1,1,1
R823,10,Hemoglobinuria,1,1,1
R918,10,Other nonspecific abnormal finding of lung field,1,1,1
S0003XA,10,"Contusion of scalp, initial encounter",1,1,1
S0262XA,10,"Fracture of subcondylar process of mandible, initial encounter for closed fracture",1,1,1
S030XXA,10,"Dislocation of jaw, initial encounter",1,1,1
S06357A,10,"Traumatic hemorrhage of left cerebrum with loss of consciousness of any duration with death due to brain injury prior to regaining consciousness, initial encounter",1,1,1
S065X7A,10,"Traumatic subdural hemorrhage with loss of consciousness of any duration with death due to brain injury before regaining consciousness, initial encounter",1,1,1
S066X0A,10,"Traumatic subarachnoid hemorrhage without loss of consciousness, initial encounter",1,1,1
S12600A,10,"Unspecified displaced fracture of seventh cervical vertebra, initial encounter for closed fracture",1,1,1
S20221A,10,"Contusion of right back wall of thorax, initial encounter",1,1,1
S20222A,10,"Contusion of left back wall of thorax, initial encounter",1,1,1
S22049A,10,"Unspecified fracture of fourth thoracic vertebra, initial encounter for closed fracture",1,1,1
S22068A,10,"Other fracture of T7-T8 thoracic vertebra, initial encounter for closed fracture",1,1,1
S2232XA,10,"Fracture of one rib, left side, initial encounter for closed fracture",1,1,1
S2242XA,10,"Multiple fractures of ribs, left side, initial encounter for closed fracture",1,1,1
S2243XA,10,"Multiple fractures of ribs, bilateral, initial encounter for closed fracture",1,1,1
S240XXA,10,"Concussion and edema of thoracic spinal cord, initial encounter",1,1,1
S25512A,10,"Laceration of intercostal blood vessels, left side, initial encounter",1,1,1
S271XXA,10,"Traumatic hemothorax, initial encounter",1,1,1
S32029A,10,"Unspecified fracture of second lumbar vertebra, initial encounter for closed fracture",1,1,1
S36892A,10,"Contusion of other intra-abdominal organs, initial encounter",1,1,1
S3730XA,10,"Unspecified injury of urethra, initial encounter",1,1,1
S40021A,10,"Contusion of right upper arm, initial encounter",1,1,1
S40022A,10,"Contusion of left upper arm, initial encounter",1,1,1
S42291D,10,"Other displaced fracture of upper end of right humerus, subsequent encounter for fracture with routine healing",1,1,1
S4992XA,10,"Unspecified injury of left shoulder and upper arm, initial encounter",1,1,1
S72145A,10,"Nondisplaced intertrochanteric fracture of left femur, initial encounter for closed fracture",1,1,1
S79912A,10,"Unspecified injury of left hip, initial encounter",1,1,1
S8011XA,10,"Contusion of right lower leg, initial encounter",1,1,1
S82251A,10,"Displaced comminuted fracture of shaft of right tibia, initial encounter for closed fracture",1,1,1
S9032XA,10,"Contusion of left foot, initial encounter",1,1,1
T17920A,10,"Food in respiratory tract, part unspecified causing asphyxiation, initial encounter",1,1,1
T360X5A,10,"Adverse effect of penicillins, initial encounter",1,1,1
T361X5A,10,"Adverse effect of cephalosporins and other beta-lactam antibiotics, initial encounter",1,1,1
T370X5A,10,"Adverse effect of sulfonamides, initial encounter",1,1,1
T383X1A,10,"Poisoning by insulin and oral hypoglycemic [antidiabetic] drugs, accidental (unintentional), initial encounter",1,1,1
T383X6A,10,"Underdosing of insulin and oral hypoglycemic [antidiabetic] drugs, initial encounter",1,1,1
T4275XA,10,"Adverse effect of unspecified antiepileptic and sedative-hypnotic drugs, initial encounter",1,1,1
T43505S,10,"Adverse effect of unspecified antipsychotics and neuroleptics, sequela",1,1,1
T465X5A,10,"Adverse effect of other antihypertensive drugs, initial encounter",1,1,1
T473X6A,10,"Underdosing of saline and osmotic laxatives, initial encounter",1,1,1
T504X5A,10,"Adverse effect of drugs affecting uric acid metabolism, initial encounter",1,1,1
T80219A,10,"Unspecified infection due to central venous catheter, initial encounter",1,1,1
T8089XA,10,"Other complications following infusion, transfusion and therapeutic injection, initial encounter",1,1,1
T81718A,10,"Complication of other artery following a procedure, not elsewhere classified, initial encounter",1,1,1
T8242XA,10,"Displacement of vascular dialysis catheter, initial encounter",1,1,1
T8249XA,10,"Other complication of vascular dialysis catheter, initial encounter",1,1,1
T827XXA,10,"Infection and inflammatory reaction due to other cardiac and vascular devices, implants and grafts, initial encounter",1,1,1
T82868A,10,"Thrombosis due to vascular prosthetic devices, implants and grafts, initial encounter",1,1,1
T8359XA,10,"Infection and inflammatory reaction due to prosthetic device, implant and graft in urinary system, initial encounter",1,1,1
T85694A,10,"Other mechanical complication of insulin pump, initial encounter",1,1,1
V0179,9,Contact with or exposure to other viral diseases,1,1,1
V090,9,Infection with microorganisms resistant to penicillins,1,1,1
V1005,9,Personal history of malignant neoplasm of large intestine,1,1,1
V1006,9,"Personal history of malignant neoplasm of rectum, rectosigmoid junction, and anus",1,1,1
V1009,9,Personal history of malignant neoplasm of other gastrointestinal tract,1,1,1
V1011,9,Personal history of malignant neoplasm of bronchus and lung,1,1,1
V1041,9,Personal history of malignant neoplasm of cervix uteri,1,1,1
V1072,9,Personal history of hodgkin's disease,1,1,1
V1082,9,Personal history of malignant melanoma of skin,1,1,1
V1202,9,Personal history of poliomyelitis,1,1,1
V1261,9,Personal history of pneumonia (recurrent),1,1,1
V1279,9,Personal history of other diseases of digestive system,1,1,1
V1301,9,Personal history of urinary calculi,1,1,1
V1351,9,Personal history of pathologic fracture,1,1,1
V140,9,Personal history of allergy to penicillin,1,1,1
V141,9,Personal history of allergy to other antibiotic agent,1,1,1
V151,9,"Personal history of surgery to heart and great vessels, presenting hazards to health",1,1,1
V1588,9,History of fall,1,1,1
V160,9,Family history of malignant neoplasm of gastrointestinal tract,1,1,1
V1642,9,Family history of malignant neoplasm of prostate,1,1,1
V168,9,Family history of other specified malignant neoplasm,1,1,1
V169,9,Family history of unspecified malignant neoplasm,1,1,1
V180,9,Family history of diabetes mellitus,1,1,1
V270XXA,10,"Motorcycle driver injured in collision with fixed or stationary object in nontraffic accident, initial encounter",1,1,1
V422,9,Heart valve replaced by transplant,1,1,1
V431,9,Lens replaced by other means,1,1,1
V446,9,Other artificial opening of urinary tract status,1,1,1
V4511,9,Renal dialysis status,1,1,1
V4512,9,Noncompliance with renal dialysis,1,1,1
V454,9,Arthrodesis status,1,1,1
V4561,9,Cataract extraction status,1,1,1
V4579,9,Other acquired absence of organ,1,1,1
V4581,9,Aortocoronary bypass status,1,1,1
V4611,9,"Dependence on respirator, status",1,1,1
V4972,9,Other toe(s) amputation status,1,1,1
V499XXA,10,"Car occupant (driver) (passenger) injured in unspecified traffic accident, initial encounter",1,1,1
V5331,9,Fitting and adjustment of cardiac pacemaker,1,1,1
V552,9,Attention to ileostomy,1,1,1
V5811,9,Encounter for antineoplastic chemotherapy,1,1,1
V5832,9,Encounter for removal of sutures,1,1,1
V5863,9,Long-term (current) use of antiplatelet/antithrombotic,1,1,1
V6402,9,Vaccination not carried out because of chronic illness or condition,1,1,1
V641,9,Surgical or other procedure not carried out because of contraindication,1,1,1
V643,9,Procedure not carried out for other reasons,1,1,1
V6441,9,Laparoscopic surgical procedure converted to open procedure,1,1,1
V7283,9,Other specified pre-operative examination,1,1,1
V8521,9,"Body Mass Index 25.0-25.9, adult",1,1,1
V8523,9,"Body Mass Index 27.0-27.9, adult",1,1,1
V8533,9,"Body Mass Index 33.0-33.9, adult",1,1,1
V8535,9,"Body Mass Index 35.0-35.9, adult",1,1,1
V8536,9,"Body Mass Index 36.0-36.9, adult",1,1,1
V8537,9,"Body Mass Index 37.0-37.9, adult",1,1,1
V8541,9,"Body Mass Index 40.0-44.9, adult",1,1,1
V8542,9,"Body Mass Index 45.0-49.9, adult",1,1,1
V860,9,Estrogen receptor positive status [ER+],1,1,1
V8609XS,10,"Driver of other special all-terrain or other off-road motor vehicle injured in traffic accident, sequela",1,1,1
V8739,9,Contact with and (suspected) exposure to other potentially hazardous substances,1,1,1
V8801,9,Acquired absence of both cervix and uterus,1,1,1
W010XXA,10,"Fall on same level from slipping, tripping and stumbling without subsequent striking against object, initial encounter",1,1,1
W108XXA,10,"Fall (on) (from) other stairs and steps, initial encounter",1,1,1
W1830XD,10,"Fall on same level, unspecified, subsequent encounter",1,1,1
W1839XA,10,"Other fall on same level, initial encounter",1,1,1
W208XXA,10,"Other cause of strike by thrown, projected or falling object, initial encounter",1,1,1
X58XXXA,10,"Exposure to other specified factors, initial encounter",1,1,1
Y040XXA,10,"Assault by unarmed brawl or fight, initial encounter",1,1,1
Y713,10,"Surgical instruments, materials and cardiovascular devices (including sutures) associated with adverse incidents",1,1,1
Y828,10,Other medical devices associated with adverse incidents,1,1,1
Y834,10,"Other reconstructive surgery as the cause of abnormal reaction of the patient, or of later complication, without mention of misadventure at the time of the procedure",1,1,1
Y842,10,"Radiological procedure and radiotherapy as the cause of abnormal reaction of the patient, or of later complication, without mention of misadventure at the time of the procedure",1,1,1
Y92018,10,Other place in single-family (private) house as the place of occurrence of the external cause,1,1,1
Y92121,10,Bathroom in nursing home as the place of occurrence of the external cause,1,1,1
Y92129,10,Unspecified place in nursing home as the place of occurrence of the external cause,1,1,1
Y92199,10,Unspecified place in other specified residential institution as the place of occurrence of the external cause,1,1,1
Y92234,10,Operating room of hospital as the place of occurrence of the external cause,1,1,1
Y92488,10,Other paved roadways as the place of occurrence of the external cause,1,1,1
Y92512,10,"Supermarket, store or market as the place of occurrence of the external cause",1,1,1
Y9289,10,Other specified places as the place of occurrence of the external cause,1,1,1
Z1611,10,Resistance to penicillins,1,1,1
Z1621,10,Resistance to vancomycin,1,1,1
Z1623,10,Resistance to quinolones and fluoroquinolones,1,1,1
Z1639,10,Resistance to other specified antimicrobial drug,1,1,1
Z20828,10,Contact with and (suspected) exposure to other viral communicable diseases,1,1,1
Z430,10,Encounter for attention to tracheostomy,1,1,1
Z433,10,Encounter for attention to colostomy,1,1,1
Z434,10,Encounter for attention to other artificial openings of digestive tract,1,1,1
Z4502,10,Encounter for adjustment and management of automatic implantable cardiac defibrillator,1,1,1
Z4689,10,Encounter for fitting and adjustment of other specified devices,1,1,1
Z6820,10,"Body mass index (BMI) 20.0-20.9, adult",1,1,1
Z6826,10,"Body mass index (BMI) 26.0-26.9, adult",1,1,1
Z7682,10,Awaiting organ transplant status,1,1,1
Z792,10,Long term (current) use of antibiotics,1,1,1
Z79810,10,Long term (current) use of selective estrogen receptor modulators (SERMs),1,1,1
Z7984,10,Long term (current) use of oral hypoglycemic drugs,1,1,1
Z79891,10,Long term (current) use of opiate analgesic,1,1,1
Z800,10,Family history of malignant neoplasm of digestive organs,1,1,1
Z801,10,"Family history of malignant neoplasm of trachea, bronchus and lung",1,1,1
Z8049,10,Family history of malignant neoplasm of other genital organs,1,1,1
Z85048,10,"Personal history of other malignant neoplasm of rectum, rectosigmoid junction, and anus",1,1,1
Z85810,10,Personal history of malignant neoplasm of tongue,1,1,1
Z85850,10,Personal history of malignant neoplasm of thyroid,1,1,1
Z8639,10,"Personal history of other endocrine, nutritional and metabolic disease",1,1,1
Z8674,10,Personal history of sudden cardiac arrest,1,1,1
Z8701,10,Personal history of pneumonia (recurrent),1,1,1
Z8719,10,Personal history of other diseases of the digestive system,1,1,1
Z87442,10,Personal history of urinary calculi,1,1,1
Z8781,10,Personal history of (healed) traumatic fracture,1,1,1
Z89431,10,Acquired absence of right foot,1,1,1
Z9049,10,Acquired absence of other specified parts of digestive tract,1,1,1
Z905,10,Acquired absence of kidney,1,1,1
Z91128,10,Patient's intentional underdosing of medication regimen for other reason,1,1,1
Z923,10,Personal history of irradiation,1,1,1
Z933,10,Colostomy status,1,1,1
Z953,10,Presence of xenogenic heart valve,1,1,1
Z961,10,Presence of intraocular lens,1,1,1
Z96651,10,Presence of right artificial knee joint,1,1,1
Z980,10,Intestinal bypass and anastomosis status,1,1,1
